Date,btc_close,btc_volume,dxy_close,fear_greed_value,dgs10
2018-02-01,9170.5400390625,9959400448,88.66999816894531,30.0,2.78
2018-02-02,8830.75,12726899712,89.19999694824219,15.0,2.84
2018-02-05,6955.27001953125,9285289984,89.55000305175781,11.0,2.77
2018-02-06,7754.0,13999800320,89.58999633789062,8.0,2.79
2018-02-07,7621.2998046875,9169280000,90.26000213623047,36.0,2.84
2018-02-08,8265.58984375,9346750464,90.2300033569336,30.0,2.85
2018-02-09,8736.98046875,6784820224,90.44000244140625,44.0,2.83
2018-02-12,8926.5703125,6256439808,90.20999908447266,42.0,2.86
2018-02-13,8598.3095703125,5696719872,89.69999694824219,35.0,2.83
2018-02-14,9494.6298828125,7909819904,89.12000274658203,55.0,2.91
2018-02-15,10166.400390625,9062540288,88.58999633789062,71.0,2.9
2018-02-16,10233.900390625,7296159744,89.0999984741211,67.0,2.87
2018-02-20,11403.7001953125,9926540288,89.72000122070312,74.0,2.88
2018-02-21,10690.400390625,9405339648,90.08000183105469,54.0,2.94
2018-02-22,10005.0,8040079872,89.75,44.0,2.92
2018-02-23,10301.099609375,7739500032,89.87999725341797,39.0,2.88
2018-02-26,10366.7001953125,7287690240,89.81999969482422,37.0,2.86
2018-02-27,10725.599609375,6966179840,90.36000061035156,44.0,2.9
2018-02-28,10397.900390625,6936189952,90.61000061035156,41.0,2.87
2018-03-01,10951.0,7317279744,90.31999969482422,38.0,2.81
2018-03-02,11086.400390625,7620590080,89.94000244140625,47.0,2.86
2018-03-05,11573.2998046875,6468539904,90.08000183105469,55.0,2.88
2018-03-06,10779.900390625,6832169984,89.62000274658203,59.0,2.88
2018-03-07,9965.5703125,8797910016,89.63999938964844,37.0,2.89
2018-03-08,9395.009765625,7186089984,90.12000274658203,39.0,2.86
2018-03-09,9337.5498046875,8704190464,90.08999633789062,37.0,2.9
2018-03-12,9205.1201171875,6457399808,89.9000015258789,41.0,2.87
2018-03-13,9194.849609375,5991139840,89.66000366210938,41.0,2.84
2018-03-14,8269.8095703125,6438230016,89.69999694824219,40.0,2.81
2018-03-15,8300.8603515625,6834429952,90.13999938964844,32.0,2.82
2018-03-16,8338.349609375,5289379840,90.2300033569336,33.0,2.85
2018-03-19,8630.650390625,6729110016,89.9000015258789,29.0,2.85
2018-03-20,8913.4697265625,6361789952,90.37000274658203,37.0,2.89
2018-03-21,8929.2802734375,6043129856,89.77999877929688,36.0,2.89
2018-03-22,8728.4697265625,5530390016,89.86000061035156,36.0,2.83
2018-03-23,8879.6201171875,5954120192,89.44000244140625,28.0,2.82
2018-03-26,8209.400390625,5921039872,89.02999877929688,31.0,2.85
2018-03-27,7833.0400390625,5378250240,89.37000274658203,24.0,2.78
2018-03-28,7954.47998046875,4935289856,90.05999755859375,24.0,2.77
2018-03-29,7165.7001953125,6361229824,90.1500015258789,18.0,2.74
2018-04-02,7083.7998046875,4333440000,90.05000305175781,11.0,2.73
2018-04-03,7456.10986328125,5499700224,90.19999694824219,22.0,2.79
2018-04-04,6853.83984375,4936000000,90.13999938964844,22.0,2.79
2018-04-05,6811.47021484375,5639320064,90.45999908447266,17.0,2.83
2018-04-06,6636.31982421875,3766810112,90.11000061035156,19.0,2.77
2018-04-09,6770.72998046875,4894060032,89.83999633789062,21.0,2.78
2018-04-10,6834.759765625,4272750080,89.58999633789062,18.0,2.8
2018-04-11,6968.31982421875,4641889792,89.56999969482422,20.0,2.79
2018-04-12,7889.25,8906250240,89.75,18.0,2.83
2018-04-13,7895.9599609375,7764460032,89.80000305175781,23.0,2.82
2018-04-16,8058.669921875,5631309824,89.43000030517578,23.0,2.83
2018-04-17,7902.08984375,6900879872,89.5199966430664,26.0,2.82
2018-04-18,8163.419921875,6529909760,89.62000274658203,24.0,2.87
2018-04-19,8294.3095703125,7063209984,89.94000244140625,25.0,2.92
2018-04-20,8845.830078125,8438110208,90.31999969482422,26.0,2.96
2018-04-23,8930.8798828125,6925190144,90.94000244140625,28.0,2.98
2018-04-24,9697.5,10678800384,90.7699966430664,29.0,3.0
2018-04-25,8845.740234375,11083100160,91.16999816894531,64.0,3.03
2018-04-26,9281.509765625,8970559488,91.55999755859375,47.0,3.0
2018-04-27,8987.0498046875,7566289920,91.54000091552734,55.0,2.96
2018-04-30,9240.5498046875,8673920000,91.83999633789062,59.0,2.95
2018-05-01,9119.009765625,7713019904,92.44999694824219,56.0,2.97
2018-05-02,9235.919921875,7558159872,92.51000213623047,52.0,2.97
2018-05-03,9743.8603515625,10207299584,92.41000366210938,55.0,2.94
2018-05-04,9700.759765625,8217829888,92.56999969482422,56.0,2.95
2018-05-07,9373.009765625,7394019840,92.75,56.0,2.95
2018-05-08,9234.8203125,7415869952,93.12000274658203,62.0,2.97
2018-05-09,9325.1796875,7226890240,93.04000091552734,53.0,3.0
2018-05-10,9043.9404296875,6906699776,92.6500015258789,63.0,2.97
2018-05-11,8441.490234375,8488520192,92.54000091552734,41.0,2.97
2018-05-14,8716.7900390625,7364149760,92.58999633789062,40.0,3.0
2018-05-15,8510.3798828125,6705710080,93.22000122070312,40.0,3.08
2018-05-16,8368.830078125,6760220160,93.38999938964844,32.0,3.09
2018-05-17,8094.31982421875,5862530048,93.47000122070312,31.0,3.11
2018-05-18,8250.9697265625,5764190208,93.63999938964844,37.0,3.06
2018-05-21,8418.990234375,5154990080,93.68000030517578,41.0,3.06
2018-05-22,8041.77978515625,5137010176,93.61000061035156,30.0,3.06
2018-05-23,7557.81982421875,6491120128,94.01000213623047,26.0,3.01
2018-05-24,7587.33984375,6049220096,93.77999877929688,27.0,2.98
2018-05-25,7480.14013671875,4867829760,94.19000244140625,25.0,2.93
2018-05-29,7472.58984375,5662660096,94.83000183105469,16.0,2.77
2018-05-30,7406.52001953125,4922540032,94.1500015258789,38.0,2.84
2018-05-31,7494.169921875,5127130112,93.98999786376953,25.0,2.83
2018-06-01,7541.4501953125,4921460224,94.19000244140625,24.0,2.89
2018-06-04,7514.47021484375,4993169920,94.0199966430664,41.0,2.94
2018-06-05,7633.759765625,4961739776,93.88999938964844,26.0,2.92
2018-06-06,7653.97998046875,4692259840,93.66000366210938,42.0,2.97
2018-06-07,7678.240234375,4485799936,93.4000015258789,38.0,2.93
2018-06-08,7624.919921875,4227579904,93.55000305175781,40.0,2.93
2018-06-11,6906.919921875,4745269760,93.58000183105469,15.0,2.96
2018-06-12,6582.35986328125,4654380032,93.80000305175781,19.0,2.96
2018-06-13,6349.89990234375,5052349952,93.70999908447266,19.0,2.98
2018-06-14,6675.35009765625,5138710016,94.7699966430664,17.0,2.94
2018-06-15,6456.580078125,3955389952,94.79000091552734,26.0,2.93
2018-06-18,6734.81982421875,4039200000,94.75,27.0,2.92
2018-06-19,6769.93994140625,4057029888,95.08999633789062,32.0,2.89
2018-06-20,6776.5498046875,3888640000,95.05999755859375,34.0,2.93
2018-06-21,6729.740234375,3529129984,94.87000274658203,37.0,2.9
2018-06-22,6083.68994140625,5079810048,94.5199966430664,28.0,2.9
2018-06-25,6249.18017578125,5500810240,94.27999877929688,16.0,2.87
2018-06-26,6093.669921875,3279759872,94.68000030517578,21.0,2.88
2018-06-27,6157.1298828125,3296219904,95.29000091552734,18.0,2.83
2018-06-28,5903.43994140625,3467800064,95.38999938964844,20.0,2.84
2018-06-29,6218.2998046875,3966230016,94.62999725341797,16.0,2.85
2018-07-02,6614.18017578125,4396930048,94.87000274658203,27.0,2.87
2018-07-03,6529.58984375,4672309760,94.58999633789062,31.0,2.83
2018-07-05,6639.14013671875,4999240192,94.47000122070312,37.0,2.84
2018-07-06,6673.5,4313959936,94.04000091552734,34.0,2.82
2018-07-09,6741.75,3718129920,94.08000183105469,39.0,2.86
2018-07-10,6329.9501953125,4052430080,94.11000061035156,37.0,2.87
2018-07-11,6394.7099609375,3644859904,94.72000122070312,29.0,2.85
2018-07-12,6228.81005859375,3770170112,94.80999755859375,33.0,2.85
2018-07-13,6238.0498046875,3805400064,94.75,29.0,2.83
2018-07-16,6741.75,4725799936,94.51000213623047,36.0,2.85
2018-07-17,7321.0400390625,5961950208,94.97000122070312,39.0,2.86
2018-07-18,7370.77978515625,6103410176,95.08000183105469,42.0,2.88
2018-07-19,7466.85986328125,5111629824,95.16999816894531,44.0,2.84
2018-07-20,7354.1298828125,4936869888,94.45999908447266,47.0,2.89
2018-07-23,7711.10986328125,5132480000,94.66999816894531,44.0,2.96
2018-07-24,8424.26953125,7277689856,94.61000061035156,49.0,2.95
2018-07-25,8181.39013671875,5845400064,94.36000061035156,54.0,2.94
2018-07-26,7951.580078125,4899089920,94.75,53.0,2.98
2018-07-27,8165.009765625,5195879936,94.68000030517578,47.0,2.96
2018-07-30,8180.47998046875,5551400000,94.36000061035156,53.0,2.98
2018-07-31,7780.43994140625,5287530000,94.48999786376953,48.0,2.96
2018-08-01,7624.91015625,4797620000,94.62000274658203,39.0,3.0
2018-08-02,7567.14990234375,4214110000,95.16999816894531,39.0,2.98
2018-08-03,7434.39013671875,4627150000,95.13999938964844,36.0,2.95
2018-08-06,6951.7998046875,3925900000,95.36000061035156,25.0,2.94
2018-08-07,6753.1201171875,4682800000,95.22000122070312,25.0,2.98
2018-08-08,6305.7998046875,5064430000,95.0999984741211,23.0,2.96
2018-08-09,6568.22998046875,4267040000,95.5,19.0,2.93
2018-08-10,6184.7099609375,4528680000,96.36000061035156,21.0,2.87
2018-08-13,6297.56982421875,4083980000,96.38999938964844,21.0,2.88
2018-08-14,6199.7099609375,5301700000,96.7300033569336,16.0,2.89
2018-08-15,6308.52001953125,4895450000,96.69999694824219,18.0,2.86
2018-08-16,6334.72998046875,4328420000,96.6500015258789,21.0,2.87
2018-08-17,6580.6298828125,4992990000,96.0999984741211,19.0,2.87
2018-08-20,6308.52978515625,3665100000,95.9000015258789,26.0,2.82
2018-08-21,6488.759765625,3377180000,95.26000213623047,19.0,2.85
2018-08-22,6376.7099609375,4668110000,95.1500015258789,21.0,2.82
2018-08-23,6534.8798828125,3426180000,95.62000274658203,18.0,2.82
2018-08-24,6719.9599609375,4097820000,95.1500015258789,19.0,2.82
2018-08-27,6884.64013671875,4019000000,94.77999877929688,18.0,2.85
2018-08-28,7096.27978515625,4659940000,94.72000122070312,19.0,2.88
2018-08-29,7047.16015625,4145880000,94.5999984741211,19.0,2.89
2018-08-30,6978.22998046875,4463250000,94.72000122070312,22.0,2.86
2018-08-31,7037.580078125,4495650000,95.13999938964844,17.0,2.86
2018-09-04,7361.66015625,4273640000,95.41999816894531,26.0,2.9
2018-09-05,6792.830078125,5800460000,95.12999725341797,17.0,2.9
2018-09-06,6529.169921875,5523470000,95.0199966430664,14.0,2.88
2018-09-07,6467.06982421875,4264680000,95.37000274658203,17.0,2.94
2018-09-10,6329.7001953125,3714100000,95.1500015258789,15.0,2.94
2018-09-11,6321.2001953125,3849910000,95.05999755859375,18.0,2.98
2018-09-12,6351.7998046875,4064230000,94.80000305175781,14.0,2.97
2018-09-13,6517.31005859375,4210910000,94.54000091552734,20.0,2.97
2018-09-14,6512.7099609375,4076220000,94.9800033569336,23.0,2.99
2018-09-17,6281.2001953125,3910780000,94.51000213623047,25.0,2.99
2018-09-18,6371.2998046875,4180090000,94.62000274658203,21.0,3.05
2018-09-19,6398.5400390625,4431340000,94.55000305175781,24.0,3.08
2018-09-20,6519.669921875,4348110000,93.91000366210938,24.0,3.07
2018-09-21,6734.9501953125,6531940000,94.22000122070312,31.0,3.07
2018-09-24,6595.41015625,4177310000,94.26000213623047,43.0,3.08
2018-09-25,6446.47021484375,4726180000,94.12999725341797,37.0,3.1
2018-09-26,6495.0,4437300000,94.19000244140625,37.0,3.06
2018-09-27,6676.75,4606810000,95.0,42.0,3.06
2018-09-28,6644.1298828125,5014430000,95.19000244140625,42.0,3.05
2018-10-01,6589.6201171875,4000970000,95.30000305175781,35.0,3.09
2018-10-02,6556.10009765625,3979260000,95.51000213623047,33.0,3.05
2018-10-03,6502.58984375,3887310000,95.76000213623047,36.0,3.15
2018-10-04,6576.68994140625,3838410000,95.75,29.0,3.19
2018-10-05,6622.47998046875,3671500000,95.62000274658203,37.0,3.23
2018-10-08,6652.22998046875,3979460000,95.7699966430664,26.0,3.23
2018-10-09,6642.64013671875,3580810000,95.68000030517578,31.0,3.21
2018-10-10,6585.52978515625,3787650000,95.51000213623047,28.0,3.22
2018-10-11,6256.240234375,5181640000,95.0199966430664,19.0,3.14
2018-10-12,6274.580078125,3783500000,95.22000122070312,13.0,3.15
2018-10-15,6596.5400390625,7370770000,95.06999969482422,20.0,3.16
2018-10-16,6596.10986328125,4074800000,95.05000305175781,24.0,3.16
2018-10-17,6544.43017578125,4088420000,95.58000183105469,23.0,3.19
2018-10-18,6476.7099609375,3924080000,95.9000015258789,26.0,3.17
2018-10-19,6465.41015625,3578870000,95.70999908447266,24.0,3.2
2018-10-22,6487.16015625,3672860000,96.01000213623047,27.0,3.2
2018-10-23,6475.740234375,3716150000,95.95999908447266,24.0,3.17
2018-10-24,6495.83984375,3424670000,96.43000030517578,23.0,3.1
2018-10-25,6476.2900390625,3230550000,96.68000030517578,25.0,3.14
2018-10-26,6474.75,3306050000,96.36000061035156,29.0,3.08
2018-10-29,6332.6298828125,4199910000,96.58000183105469,34.0,3.08
2018-10-30,6334.27001953125,3781100000,97.01000213623047,31.0,3.12
2018-10-31,6317.60986328125,4191240000,97.12999725341797,32.0,3.15
2018-11-01,6377.77978515625,3789400000,96.27999877929688,29.0,3.14
2018-11-02,6388.43994140625,4234870000,96.54000091552734,36.0,3.22
2018-11-05,6419.66015625,4174800000,96.3499984741211,42.0,3.2
2018-11-06,6461.009765625,4700040000,96.31999969482422,42.0,3.22
2018-11-07,6530.14013671875,4941260000,96.0,48.0,3.22
2018-11-08,6453.72021484375,4665260000,96.63999938964844,51.0,3.24
2018-11-09,6385.6201171875,4346820000,96.91000366210938,47.0,3.19
2018-11-12,6371.27001953125,4295770000,97.54000091552734,52.0,3.19
2018-11-13,6359.490234375,4503800000,97.30000305175781,56.0,3.14
2018-11-14,5738.35009765625,7398940000,96.80000305175781,49.0,3.12
2018-11-15,5648.02978515625,7032140000,96.93000030517578,28.0,3.11
2018-11-16,5575.5498046875,5279320000,96.47000122070312,23.0,3.08
2018-11-19,4871.490234375,7039560000,96.19000244140625,28.0,3.06
2018-11-20,4451.8701171875,8428290000,96.80999755859375,21.0,3.06
2018-11-21,4602.169921875,6120120000,96.70999908447266,15.0,3.06
2018-11-23,4347.10986328125,4871490000,96.91999816894531,12.0,3.05
2018-11-26,3779.1298828125,6476900000,97.06999969482422,17.0,3.07
2018-11-27,3820.719970703125,5998720000,97.37000274658203,11.0,3.06
2018-11-28,4257.419921875,7280280000,96.79000091552734,14.0,3.06
2018-11-29,4278.8466796875,6503347767,96.77999877929688,18.0,3.03
2018-11-30,4017.2685546875,6048016717,97.2699966430664,19.0,3.01
2018-12-03,3894.130859375,5089570994,97.04000091552734,17.0,2.98
2018-12-04,3956.893798828125,5028069239,96.97000122070312,12.0,2.91
2018-12-06,3521.101806640625,5878333109,96.80999755859375,13.0,2.87
2018-12-07,3419.937255859375,6835615448,96.51000213623047,11.0,2.85
2018-12-10,3502.656005859375,5020968740,97.22000122070312,19.0,2.85
2018-12-11,3424.588134765625,4696765188,97.38999938964844,15.0,2.89
2018-12-12,3486.9501953125,4139364829,97.04000091552734,14.0,2.91
2018-12-13,3313.67724609375,4343372456,97.05999755859375,14.0,2.91
2018-12-14,3242.48486328125,4372763663,97.44000244140625,10.0,2.89
2018-12-17,3545.86474609375,5409247918,97.0999984741211,17.0,2.86
2018-12-18,3696.05908203125,5911325473,97.13999938964844,23.0,2.82
2018-12-19,3745.95068359375,6810689119,97.04000091552734,21.0,2.77
2018-12-20,4134.44140625,8927129279,96.27999877929688,27.0,2.79
2018-12-21,3896.543701171875,7206015706,96.95999908447266,35.0,2.79
2018-12-24,4078.59912109375,7240968501,96.55000305175781,25.0,2.74
2018-12-26,3857.297607421875,5326547918,97.05000305175781,26.0,2.81
2018-12-27,3654.83349609375,5130222366,96.4800033569336,29.0,2.77
2018-12-28,3923.918701171875,5631554348,96.38999938964844,21.0,2.72
2018-12-31,3742.700439453125,4661840806,96.16999816894531,26.0,2.69
2019-01-02,3943.409423828125,5244856836,96.81999969482422,30.0,2.66
2019-01-03,3836.7412109375,4530215219,96.30999755859375,33.0,2.56
2019-01-04,3857.717529296875,4847965467,96.19000244140625,48.0,2.67
2019-01-07,4025.248291015625,5228625637,95.70999908447266,39.0,2.7
2019-01-08,4030.847900390625,5306593305,95.9000015258789,39.0,2.73
2019-01-09,4035.29638671875,5115905225,95.22000122070312,42.0,2.74
2019-01-10,3678.924560546875,6874143796,95.54000091552734,37.0,2.74
2019-01-11,3687.365478515625,5538712865,95.66999816894531,19.0,2.71
2019-01-14,3706.05224609375,5651384490,95.58999633789062,16.0,2.71
2019-01-15,3630.67529296875,5537192302,95.97000122070312,27.0,2.72
2019-01-16,3655.0068359375,5394457145,96.05999755859375,24.0,2.73
2019-01-17,3678.56396484375,5464420383,96.06999969482422,28.0,2.75
2019-01-18,3657.83935546875,5002961727,96.33999633789062,29.0,2.79
2019-01-22,3604.5771484375,5313623556,96.30000305175781,27.0,2.74
2019-01-23,3585.123046875,5433755649,96.12000274658203,33.0,2.76
2019-01-24,3600.865478515625,5262869046,96.5999984741211,37.0,2.72
2019-01-25,3599.765869140625,5265847539,95.79000091552734,35.0,2.76
2019-01-28,3470.450439453125,6908930483,95.75,35.0,2.75
2019-01-29,3448.116943359375,5897159493,95.81999969482422,21.0,2.72
2019-01-30,3486.181640625,5955112627,95.33999633789062,22.0,2.7
2019-01-31,3457.792724609375,5831198271,95.58000183105469,17.0,2.63
2019-02-01,3487.9453125,5422926707,95.58000183105469,23.0,2.7
2019-02-04,3459.154052734375,5332718886,95.8499984741211,27.0,2.73
2019-02-05,3466.357421875,5227549545,96.0999984741211,21.0,2.71
2019-02-06,3413.767822265625,5482196038,96.41999816894531,14.0,2.7
2019-02-07,3399.4716796875,5004962683,96.51000213623047,18.0,2.65
2019-02-08,3666.7802734375,7735623101,96.63999938964844,37.0,2.63
2019-02-11,3648.4306640625,6277056434,97.05999755859375,46.0,2.65
2019-02-12,3653.528564453125,6480384532,96.70999908447266,38.0,2.68
2019-02-13,3632.070556640625,6438903823,97.12999725341797,48.0,2.71
2019-02-14,3616.880859375,6271044418,96.9800033569336,48.0,2.66
2019-02-15,3620.810791015625,6091952231,96.91999816894531,43.0,2.66
2019-02-19,3947.094482421875,9933626655,96.5199966430664,65.0,2.65
2019-02-20,3999.820556640625,8693373948,96.44999694824219,59.0,2.65
2019-02-21,3954.1181640625,7775128102,96.61000061035156,59.0,2.69
2019-02-22,4005.526611328125,7826525254,96.51000213623047,61.0,2.65
2019-02-25,3882.6962890625,9318796067,96.41000366210938,47.0,2.67
2019-02-26,3854.35791015625,7931218996,96.0,40.0,2.64
2019-02-27,3851.04736328125,8301309684,96.1500015258789,39.0,2.69
2019-02-28,3854.785400390625,8399767798,96.16000366210938,39.0,2.73
2019-03-01,3859.583740234375,7661247975,96.52999877929688,42.0,2.76
2019-03-04,3761.55712890625,9029175788,96.68000030517578,36.0,2.72
2019-03-05,3896.375,10174126415,96.8499984741211,35.0,2.72
2019-03-06,3903.942626953125,9175291529,96.87000274658203,42.0,2.69
2019-03-07,3911.484375,9584165519,97.66999816894531,56.0,2.64
2019-03-08,3901.131591796875,10638638944,97.37000274658203,54.0,2.62
2019-03-11,3905.227294921875,10125901903,97.22000122070312,56.0,2.64
2019-03-12,3909.15625,9809887079,96.94000244140625,56.0,2.61
2019-03-13,3906.71728515625,9469184841,96.55000305175781,54.0,2.61
2019-03-14,3924.369140625,10480789570,96.79000091552734,55.0,2.63
2019-03-15,3960.9111328125,9394210605,96.5999984741211,55.0,2.59
2019-03-18,4032.50732421875,9646954186,96.5199966430664,56.0,2.6
2019-03-19,4071.190185546875,9344919956,96.37999725341797,56.0,2.61
2019-03-20,4087.476318359375,10175916388,95.76000213623047,55.0,2.54
2019-03-21,4029.326904296875,10831212662,96.5,62.0,2.54
2019-03-22,4023.96826171875,9252935969,96.6500015258789,56.0,2.44
2019-03-25,3963.070556640625,10359818883,96.56999969482422,46.0,2.43
2019-03-26,3985.080810546875,10707678815,96.73999786376953,43.0,2.41
2019-03-27,4087.066162109375,10897131934,96.7699966430664,44.0,2.39
2019-03-28,4069.107177734375,9353915899,97.19999694824219,49.0,2.39
2019-03-29,4098.37451171875,10918665557,97.27999877929688,50.0,2.41
2019-04-01,4158.18310546875,10157794171,97.25,62.0,2.49
2019-04-02,4879.8779296875,21315047816,97.36000061035156,60.0,2.48
2019-04-03,4973.02197265625,22899891582,97.08999633789062,71.0,2.52
2019-04-04,4922.798828125,18251810240,97.30999755859375,61.0,2.51
2019-04-05,5036.68115234375,16837325387,97.4000015258789,59.0,2.5
2019-04-08,5289.77099609375,17154113634,97.05000305175781,65.0,2.52
2019-04-09,5204.95849609375,14722104361,97.01000213623047,64.0,2.51
2019-04-10,5324.5517578125,15504590933,96.94999694824219,62.0,2.48
2019-04-11,5064.48779296875,16555616019,97.18000030517578,65.0,2.51
2019-04-12,5089.5390625,13675206312,96.97000122070312,42.0,2.56
2019-04-15,5067.1083984375,12290155061,96.94000244140625,60.0,2.55
2019-04-16,5235.5595703125,11618660197,97.04000091552734,50.0,2.6
2019-04-17,5251.93798828125,12438480677,97.01000213623047,61.0,2.59
2019-04-18,5298.3857421875,13256489918,97.47000122070312,64.0,2.57
2019-04-22,5399.365234375,14601631648,97.27999877929688,61.0,2.59
2019-04-23,5572.3623046875,15867308108,97.56999969482422,68.0,2.57
2019-04-24,5464.86669921875,17048033399,98.0999984741211,65.0,2.53
2019-04-25,5210.515625,15330283408,98.19999694824219,58.0,2.54
2019-04-26,5279.34814453125,16812108040,98.01000213623047,41.0,2.51
2019-04-29,5247.3525390625,13735490672,97.86000061035156,42.0,2.54
2019-04-30,5350.7265625,13878964574,97.4800033569336,42.0,2.51
2019-05-01,5402.697265625,13679528236,97.69000244140625,51.0,2.52
2019-05-02,5505.28369140625,14644460907,97.83000183105469,50.0,2.55
2019-05-03,5768.28955078125,18720780006,97.5199966430664,63.0,2.54
2019-05-06,5746.80712890625,15737171804,97.5199966430664,57.0,2.51
2019-05-07,5829.50146484375,18026409033,97.62999725341797,69.0,2.45
2019-05-08,5982.45751953125,15320605300,97.62000274658203,63.0,2.49
2019-05-09,6174.52880859375,16784645411,97.37000274658203,69.0,2.45
2019-05-10,6378.84912109375,19419875368,97.33000183105469,71.0,2.47
2019-05-13,7814.9150390625,28677672181,97.31999969482422,78.0,2.4
2019-05-14,7994.416015625,32031452227,97.52999877929688,78.0,2.42
2019-05-15,8205.16796875,28344112920,97.56999969482422,77.0,2.37
2019-05-16,7884.9091796875,33167197581,97.83999633789062,75.0,2.4
2019-05-17,7343.8955078125,30066644905,98.0,65.0,2.39
2019-05-20,7978.30908203125,23843404340,97.93000030517578,73.0,2.41
2019-05-21,7963.32763671875,25127245056,98.05999755859375,68.0,2.43
2019-05-22,7680.06640625,24719473175,98.11000061035156,69.0,2.39
2019-05-23,7881.8466796875,24457107820,97.8499984741211,65.0,2.31
2019-05-24,7987.37158203125,25919126991,97.61000061035156,64.0,2.32
2019-05-28,8719.9619140625,24226919267,97.95999908447266,71.0,2.26
2019-05-29,8659.4873046875,23473479966,98.13999938964844,71.0,2.25
2019-05-30,8319.47265625,29246528551,98.13999938964844,73.0,2.22
2019-05-31,8574.501953125,25365190957,97.75,61.0,2.14
2019-06-03,8208.9951171875,22004511436,97.13999938964844,66.0,2.07
2019-06-04,7707.77099609375,24609731549,97.06999969482422,42.0,2.12
2019-06-05,7824.2314453125,21760923463,97.37000274658203,27.0,2.12
2019-06-06,7822.0234375,19474611077,97.02999877929688,34.0,2.12
2019-06-07,8043.951171875,19141423231,96.61000061035156,27.0,2.09
2019-06-10,8000.32958984375,18689275117,96.76000213623047,46.0,2.15
2019-06-11,7927.71435546875,17107279932,96.69000244140625,61.0,2.15
2019-06-12,8145.857421875,19034432883,97.0,60.0,2.13
2019-06-13,8230.923828125,18669407147,97.01000213623047,63.0,2.1
2019-06-14,8693.8330078125,19831162906,97.56999969482422,67.0,2.09
2019-06-17,9320.3525390625,15562951919,97.55999755859375,84.0,2.09
2019-06-18,9081.7626953125,15848210536,97.63999938964844,83.0,2.06
2019-06-19,9273.521484375,15546809946,97.12000274658203,82.0,2.03
2019-06-20,9527.16015625,17846823784,96.62999725341797,81.0,2.01
2019-06-21,10144.556640625,20624008643,96.22000122070312,84.0,2.07
2019-06-24,11011.1025390625,19271652365,95.9800033569336,80.0,2.02
2019-06-25,11790.9169921875,24879684533,96.16000366210938,87.0,2.0
2019-06-26,13016.2314453125,45105733173,96.20999908447266,95.0,2.05
2019-06-27,11182.806640625,39977475223,96.19000244140625,92.0,2.01
2019-06-28,12407.33203125,35087757766,96.12999725341797,62.0,2.0
2019-07-01,10583.134765625,29378589324,96.83999633789062,65.0,2.03
2019-07-02,10801.677734375,31015895223,96.7300033569336,63.0,1.98
2019-07-03,11961.26953125,30796494294,96.7699966430664,79.0,1.96
2019-07-05,10978.4599609375,23838480210,97.25,67.0,2.04
2019-07-08,12285.9580078125,23482551458,97.37999725341797,74.0,2.05
2019-07-09,12573.8125,28167921523,97.48999786376953,84.0,2.07
2019-07-10,12156.5126953125,33627574244,97.0999984741211,83.0,2.07
2019-07-11,11358.662109375,28595327690,97.05000305175781,62.0,2.13
2019-07-12,11815.986328125,23534692797,96.80999755859375,33.0,2.12
2019-07-15,10895.08984375,25384047207,96.93000030517578,16.0,2.09
2019-07-16,9477.6416015625,24151199070,97.4000015258789,34.0,2.13
2019-07-17,9693.802734375,24569921549,97.22000122070312,19.0,2.06
2019-07-18,10666.482421875,25187024648,96.79000091552734,40.0,2.04
2019-07-19,10530.732421875,20727426310,97.1500015258789,42.0,2.05
2019-07-22,10343.1064453125,16334414913,97.26000213623047,42.0,2.05
2019-07-23,9900.767578125,17851916995,97.70999908447266,40.0,2.08
2019-07-24,9811.92578125,17398734322,97.7300033569336,20.0,2.05
2019-07-25,9911.841796875,15821952090,97.81999969482422,42.0,2.08
2019-07-26,9870.3037109375,14495714483,98.01000213623047,24.0,2.08
2019-07-29,9519.1455078125,13791445323,98.04000091552734,19.0,2.06
2019-07-30,9607.423828125,13829811132,98.05000305175781,22.0,2.06
2019-07-31,10085.6279296875,16631520648,98.5199966430664,31.0,2.02
2019-08-01,10399.6689453125,17165337858,98.38999938964844,57.0,1.9
2019-08-02,10518.1748046875,17489094082,98.0999984741211,61.0,1.86
2019-08-05,11805.6533203125,23875988832,97.5,64.0,1.75
2019-08-06,11478.1689453125,23635107660,97.62999725341797,66.0,1.73
2019-08-07,11941.96875,22194988641,97.54000091552734,45.0,1.71
2019-08-08,11966.4072265625,19481591730,97.62000274658203,61.0,1.72
2019-08-09,11862.9365234375,18339989960,97.48999786376953,60.0,1.74
2019-08-12,11382.6162109375,13647198229,97.37999725341797,48.0,1.65
2019-08-13,10895.830078125,16681503537,97.80999755859375,45.0,1.68
2019-08-14,10051.7041015625,19990838300,97.98999786376953,11.0,1.59
2019-08-15,10311.5458984375,22899115082,98.13999938964844,13.0,1.52
2019-08-16,10374.3388671875,20228207096,98.13999938964844,31.0,1.55
2019-08-19,10916.0537109375,16038264603,98.3499984741211,30.0,1.6
2019-08-20,10763.232421875,15053082175,98.19000244140625,39.0,1.55
2019-08-21,10138.0498046875,19473084768,98.30000305175781,11.0,1.59
2019-08-22,10131.0556640625,17097508856,98.16999816894531,5.0,1.62
2019-08-23,10407.96484375,15627023886,97.63999938964844,33.0,1.52
2019-08-26,10370.8203125,18438654080,98.08000183105469,41.0,1.54
2019-08-27,10185.5,14762609503,98.0,30.0,1.49
2019-08-28,9754.4228515625,17603790323,98.20999908447266,32.0,1.47
2019-08-29,9510.2001953125,17045878501,98.51000213623047,20.0,1.5
2019-08-30,9598.173828125,13595263986,98.91999816894531,24.0,1.5
2019-09-03,10623.5400390625,19384917989,98.94999694824219,41.0,1.47
2019-09-04,10594.4931640625,16742664769,98.44999694824219,43.0,1.47
2019-09-05,10575.533203125,14551239508,98.41000366210938,41.0,1.57
2019-09-06,10353.302734375,19536574783,98.38999938964844,43.0,1.55
2019-09-09,10334.974609375,17595943368,98.27999877929688,41.0,1.63
2019-09-10,10115.9755859375,14906809639,98.33000183105469,41.0,1.72
2019-09-11,10178.3720703125,15428063426,98.6500015258789,38.0,1.75
2019-09-12,10410.126953125,15323563925,98.30999755859375,39.0,1.79
2019-09-13,10360.546875,14109864675,98.26000213623047,38.0,1.9
2019-09-16,10276.7939453125,15160167779,98.6500015258789,38.0,1.84
2019-09-17,10241.2724609375,15304603363,98.26000213623047,41.0,1.81
2019-09-18,10198.248046875,16169268880,98.5999984741211,38.0,1.8
2019-09-19,10266.4150390625,19937691247,98.2699966430664,31.0,1.79
2019-09-20,10181.6416015625,14734189639,98.51000213623047,41.0,1.74
2019-09-23,9729.32421875,15144925408,98.5999984741211,41.0,1.72
2019-09-24,8620.56640625,25002886689,98.33999633789062,39.0,1.64
2019-09-25,8486.9931640625,21744728353,99.04000091552734,15.0,1.73
2019-09-26,8118.9677734375,19258205289,99.20999908447266,12.0,1.7
2019-09-27,8251.845703125,16408941156,99.11000061035156,24.0,1.69
2019-09-30,8293.8681640625,17115474183,99.37999725341797,27.0,1.68
2019-10-01,8343.2763671875,15305343413,99.12999725341797,38.0,1.65
2019-10-02,8393.0419921875,13125712443,99.04000091552734,39.0,1.6
2019-10-03,8259.9921875,13668823409,98.86000061035156,37.0,1.54
2019-10-04,8205.939453125,13139456229,98.80999755859375,30.0,1.52
2019-10-07,8245.623046875,18009742607,98.98999786376953,27.0,1.56
2019-10-08,8228.783203125,15592264032,99.13999938964844,39.0,1.54
2019-10-09,8595.740234375,19384942333,99.12000274658203,37.0,1.59
2019-10-10,8586.4736328125,17618660671,98.70999908447266,41.0,1.67
2019-10-11,8321.7568359375,19604381101,98.30000305175781,39.0,1.76
2019-10-14,8374.6865234375,15151387859,98.44999694824219,37.0,1.76
2019-10-15,8205.369140625,15220412632,98.29000091552734,39.0,1.77
2019-10-16,8047.52685546875,16071646996,98.01000213623047,40.0,1.75
2019-10-17,8103.9111328125,14313052244,97.61000061035156,40.0,1.76
2019-10-18,7973.20751953125,15651592610,97.27999877929688,40.0,1.76
2019-10-21,8243.720703125,15868748866,97.33000183105469,37.0,1.8
2019-10-22,8078.203125,16803377857,97.52999877929688,39.0,1.78
2019-10-23,7514.671875,21942878958,97.47000122070312,33.0,1.77
2019-10-24,7493.48876953125,16268708849,97.62999725341797,20.0,1.77
2019-10-25,8660.7001953125,28705065488,97.83000183105469,24.0,1.8
2019-10-28,9256.1484375,30948255332,97.76000213623047,52.0,1.85
2019-10-29,9427.6875,28426779937,97.69000244140625,54.0,1.84
2019-10-30,9205.7265625,27706531577,97.6500015258789,53.0,1.78
2019-10-31,9199.5849609375,26583653947,97.3499984741211,50.0,1.69
2019-11-01,9261.1044921875,24324691031,97.23999786376953,49.0,1.73
2019-11-04,9412.6123046875,26170255634,97.51000213623047,49.0,1.79
2019-11-05,9342.52734375,26198609048,97.9800033569336,54.0,1.86
2019-11-06,9360.8798828125,23133895765,97.94999694824219,53.0,1.81
2019-11-07,9267.5615234375,22700383839,98.13999938964844,54.0,1.92
2019-11-08,8804.880859375,24333037836,98.3499984741211,42.0,1.94
2019-11-11,8757.7880859375,20265510765,98.19999694824219,40.0,1.94
2019-11-12,8815.662109375,20309769107,98.30999755859375,39.0,1.92
2019-11-13,8808.2626953125,17545755405,98.37000274658203,38.0,1.88
2019-11-14,8708.0947265625,19084739975,98.16000366210938,41.0,1.82
2019-11-15,8491.9921875,21796856471,98.0,38.0,1.84
2019-11-18,8309.2861328125,21579470673,97.79000091552734,38.0,1.81
2019-11-19,8206.1455078125,21083613816,97.86000061035156,32.0,1.79
2019-11-20,8027.26806640625,20764300437,97.93000030517578,32.0,1.73
2019-11-21,7642.75,22514243371,97.98999786376953,30.0,1.77
2019-11-22,7296.57763671875,34242315785,98.2699966430664,20.0,1.77
2019-11-25,7146.1337890625,42685231262,98.31999969482422,17.0,1.76
2019-11-26,7218.37109375,21129505542,98.25,21.0,1.74
2019-11-27,7531.66357421875,23991412764,98.41000366210938,20.0,1.77
2019-11-29,7761.24365234375,19709695456,98.2699966430664,31.0,1.78
2019-12-02,7321.98828125,17082040706,97.86000061035156,28.0,1.83
2019-12-03,7320.1455078125,14797485769,97.73999786376953,28.0,1.72
2019-12-04,7252.03466796875,21664240918,97.6500015258789,24.0,1.77
2019-12-05,7448.3076171875,18816085231,97.41000366210938,21.0,1.8
2019-12-06,7546.99658203125,18104466307,97.69999694824219,29.0,1.84
2019-12-09,7400.8994140625,17872021272,97.63999938964844,32.0,1.83
2019-12-10,7278.11962890625,18249031195,97.41000366210938,26.0,1.85
2019-12-11,7217.42724609375,16350490689,97.16000366210938,20.0,1.79
2019-12-12,7243.13427734375,18927080224,97.4000015258789,23.0,1.9
2019-12-13,7269.6845703125,17125736940,97.16999816894531,22.0,1.82
2019-12-16,6932.48046875,20213265950,97.06999969482422,24.0,1.89
2019-12-17,6640.51513671875,22363804217,97.20999908447266,23.0,1.89
2019-12-18,7276.802734375,31836522778,97.41000366210938,15.0,1.92
2019-12-19,7202.84423828125,25904604416,97.41999816894531,21.0,1.92
2019-12-20,7218.81640625,22633815180,97.70999908447266,23.0,1.92
2019-12-23,7355.62841796875,27831788041,97.66000366210938,33.0,1.93
2019-12-24,7322.5322265625,22991622105,97.6500015258789,25.0,1.9
2019-12-26,7238.966796875,22787010034,97.58999633789062,39.0,1.9
2019-12-27,7290.08837890625,22777360996,96.91999816894531,38.0,1.88
2019-12-30,7292.9951171875,22874131672,96.73999786376953,40.0,1.9
2019-12-31,7193.59912109375,21167946112,96.38999938964844,38.0,1.92
2020-01-02,6985.47021484375,20802083465,96.8499984741211,39.0,1.88
2020-01-03,7344.88427734375,28111481032,96.83999633789062,38.0,1.8
2020-01-06,7769.21923828125,23276261598,96.66999816894531,41.0,1.81
2020-01-07,8163.6923828125,28767291327,96.9800033569336,40.0,1.83
2020-01-08,8079.86279296875,31672559265,97.30000305175781,51.0,1.87
2020-01-09,7879.0712890625,24045990466,97.44999694824219,44.0,1.85
2020-01-10,8166.55419921875,28714583844,97.36000061035156,41.0,1.83
2020-01-13,8144.1943359375,22482910688,97.3499984741211,49.0,1.85
2020-01-14,8827.7646484375,44841784107,97.37000274658203,56.0,1.82
2020-01-15,8807.0107421875,40102834650,97.2300033569336,54.0,1.79
2020-01-16,8723.7861328125,31313981931,97.31999969482422,55.0,1.81
2020-01-17,8929.0380859375,36372139320,97.61000061035156,54.0,1.84
2020-01-21,8745.89453125,24097418512,97.52999877929688,49.0,1.78
2020-01-22,8680.8759765625,22600204051,97.52999877929688,52.0,1.77
2020-01-23,8406.515625,25770680779,97.69000244140625,49.0,1.74
2020-01-24,8445.4345703125,24397913026,97.8499984741211,40.0,1.7
2020-01-27,8909.8193359375,28647338393,97.95999908447266,50.0,1.61
2020-01-28,9358.58984375,34398744403,98.0199966430664,54.0,1.65
2020-01-29,9316.6298828125,30682598115,97.98999786376953,57.0,1.6
2020-01-30,9508.9931640625,32378792851,97.87000274658203,57.0,1.57
2020-01-31,9350.529296875,29432489719,97.38999938964844,55.0,1.51
2020-02-03,9293.521484375,30934096509,97.80000305175781,59.0,1.54
2020-02-04,9180.962890625,29893183716,97.95999908447266,56.0,1.61
2020-02-05,9613.423828125,35222060874,98.2699966430664,53.0,1.66
2020-02-06,9729.8017578125,37628823716,98.5,61.0,1.65
2020-02-07,9795.943359375,34522718159,98.68000030517578,56.0,1.59
2020-02-10,9856.611328125,39386548075,98.83000183105469,57.0,1.56
2020-02-11,10208.236328125,37648059389,98.72000122070312,52.0,1.59
2020-02-12,10326.0546875,43444303830,99.05000305175781,61.0,1.62
2020-02-13,10214.3798828125,49356071373,99.06999969482422,65.0,1.61
2020-02-14,10312.1162109375,43338264162,99.12000274658203,63.0,1.59
2020-02-18,10141.99609375,47271023953,99.45999908447266,53.0,1.55
2020-02-19,9633.38671875,46992019710,99.5999984741211,50.0,1.56
2020-02-20,9608.4755859375,44925260237,99.87000274658203,44.0,1.52
2020-02-21,9686.44140625,40930547513,99.26000213623047,44.0,1.46
2020-02-24,9650.1748046875,45080496648,99.29000091552734,46.0,1.38
2020-02-25,9341.705078125,42515259129,98.97000122070312,44.0,1.33
2020-02-26,8820.5224609375,50420050762,99.0,41.0,1.33
2020-02-27,8784.494140625,45470195695,98.44000244140625,39.0,1.3
2020-02-28,8672.455078125,44605450443,98.12999725341797,40.0,1.13
2020-03-02,8869.669921875,42857674409,97.36000061035156,38.0,1.1
2020-03-03,8787.7861328125,42386715821,97.1500015258789,38.0,1.02
2020-03-04,8755.24609375,34746706368,97.33999633789062,40.0,1.02
2020-03-05,9078.7626953125,39698054597,96.81999969482422,41.0,0.92
2020-03-06,9122.5458984375,40826885651,95.94999694824219,39.0,0.74
2020-03-09,7923.64453125,46936995808,94.9000015258789,17.0,0.54
2020-03-10,7909.7294921875,42213940994,96.41000366210938,16.0,0.76
2020-03-11,7911.43017578125,38682762605,96.51000213623047,17.0,0.82
2020-03-12,4970.7880859375,53980357243,97.47000122070312,14.0,0.88
2020-03-13,5563.70703125,74156772075,98.75,10.0,0.94
2020-03-16,5014.47998046875,45368026430,98.08999633789062,9.0,0.73
2020-03-17,5225.62939453125,38622642935,99.58000183105469,8.0,1.02
2020-03-18,5238.4384765625,37878801016,101.16000366210938,11.0,1.18
2020-03-19,6191.19287109375,51000731797,102.76000213623047,12.0,1.12
2020-03-20,6198.7783203125,54442976103,102.81999969482422,9.0,0.92
2020-03-23,6416.31494140625,46491916000,102.48999786376953,10.0,0.76
2020-03-24,6734.8037109375,48221910672,101.73999786376953,12.0,0.84
2020-03-25,6681.06298828125,44590107888,101.05000305175781,13.0,0.88
2020-03-26,6716.4404296875,35319797642,99.41999816894531,14.0,0.83
2020-03-27,6469.79833984375,34585598367,98.37000274658203,12.0,0.72
2020-03-30,6429.841796875,37101651525,99.18000030517578,10.0,0.7
2020-03-31,6438.64453125,32786468812,99.05000305175781,12.0,0.7
2020-04-01,6606.7763671875,40346426266,99.66999816894531,12.0,0.62
2020-04-02,6793.62451171875,47660646124,100.18000030517578,14.0,0.63
2020-04-03,6733.38720703125,38976504903,100.58000183105469,14.0,0.62
2020-04-06,7271.78125,46896904615,100.69000244140625,12.0,0.67
2020-04-07,7176.41455078125,44243482668,99.9800033569336,20.0,0.75
2020-04-08,7334.0986328125,37563249549,100.12000274658203,21.0,0.77
2020-04-09,7302.08935546875,34815139178,99.5199966430664,22.0,0.73
2020-04-13,6845.03759765625,38619308647,99.3499984741211,11.0,0.76
2020-04-14,6842.427734375,34110434052,98.88999938964844,15.0,0.76
2020-04-15,6642.10986328125,32288311031,99.45999908447266,18.0,0.63
2020-04-16,7116.80419921875,46783242377,100.02999877929688,13.0,0.61
2020-04-17,7096.1845703125,32513423567,99.77999877929688,15.0,0.65
2020-04-20,6881.95849609375,37747113936,99.95999908447266,15.0,0.63
2020-04-21,6880.3232421875,32589741511,100.26000213623047,17.0,0.58
2020-04-22,7117.20751953125,33249153866,100.38999938964844,19.0,0.63
2020-04-23,7429.724609375,43500782316,100.43000030517578,19.0,0.61
2020-04-24,7550.90087890625,34636526286,100.37999725341797,20.0,0.6
2020-04-27,7795.60107421875,36162144725,100.04000091552734,28.0,0.67
2020-04-28,7807.05859375,33187959921,99.87000274658203,26.0,0.62
2020-04-29,8801.0380859375,60201052203,99.56999969482422,26.0,0.63
2020-04-30,8658.5537109375,66964629541,99.0199966430664,44.0,0.64
2020-05-01,8864.7666015625,44068389997,98.80000305175781,40.0,0.64
2020-05-04,8912.654296875,45718796276,99.4800033569336,44.0,0.64
2020-05-05,9003.0703125,43148462663,99.70999908447266,40.0,0.66
2020-05-06,9268.76171875,49371886931,100.08999633789062,42.0,0.72
2020-05-07,9951.5185546875,61112700562,99.88999938964844,49.0,0.63
2020-05-08,9842.666015625,51780748042,99.7300033569336,55.0,0.69
2020-05-11,8601.7958984375,57119858802,100.23999786376953,40.0,0.73
2020-05-12,8804.4775390625,42142717533,99.93000030517578,39.0,0.69
2020-05-13,9269.9873046875,45558144023,100.23999786376953,41.0,0.64
2020-05-14,9733.7216796875,56426907637,100.47000122070312,40.0,0.63
2020-05-15,9328.197265625,48158802327,100.4000015258789,44.0,0.64
2020-05-18,9726.5751953125,41827139896,99.66999816894531,50.0,0.73
2020-05-19,9729.0380859375,39254288955,99.37000274658203,50.0,0.7
2020-05-20,9522.9814453125,36546239703,99.12000274658203,52.0,0.68
2020-05-21,9081.76171875,39326160532,99.37000274658203,49.0,0.68
2020-05-22,9182.5771484375,29810773699,99.86000061035156,42.0,0.66
2020-05-26,8835.052734375,29584186947,98.91000366210938,39.0,0.69
2020-05-27,9181.017578125,32740536902,99.05999755859375,39.0,0.68
2020-05-28,9525.7509765625,34367073114,98.37999725341797,41.0,0.7
2020-05-29,9439.1240234375,32896642044,98.33999633789062,48.0,0.65
2020-06-01,10167.2685546875,35198901068,97.83000183105469,50.0,0.66
2020-06-02,9529.8037109375,39137252109,97.66999816894531,56.0,0.68
2020-06-03,9656.7177734375,25007459262,97.27999877929688,48.0,0.77
2020-06-04,9800.63671875,25921805072,96.68000030517578,54.0,0.82
2020-06-05,9665.533203125,23509628646,96.94000244140625,53.0,0.91
2020-06-08,9771.4892578125,21486346312,96.62000274658203,53.0,0.88
2020-06-09,9795.7001953125,23717842783,96.31999969482422,52.0,0.84
2020-06-10,9870.0947265625,25706567601,95.95999908447266,54.0,0.75
2020-06-11,9321.78125,30247143440,96.7300033569336,52.0,0.66
2020-06-12,9480.84375,22610564515,97.31999969482422,38.0,0.71
2020-06-15,9450.7021484375,26699704768,96.68000030517578,37.0,0.71
2020-06-16,9538.0244140625,21565537209,96.95999908447266,39.0,0.75
2020-06-17,9480.2548828125,20177709879,97.16000366210938,38.0,0.74
2020-06-18,9411.8408203125,17770083003,97.41999816894531,40.0,0.71
2020-06-19,9288.0185546875,19632223107,97.62000274658203,39.0,0.7
2020-06-22,9648.7177734375,21104009514,97.04000091552734,38.0,0.71
2020-06-23,9629.658203125,17006433272,96.69000244140625,41.0,0.72
2020-06-24,9313.6103515625,18961716076,97.1500015258789,50.0,0.69
2020-06-25,9264.8134765625,18616048626,97.43000030517578,43.0,0.68
2020-06-26,9162.91796875,18341465837,97.5,40.0,0.64
2020-06-29,9190.8544921875,16460547078,97.54000091552734,41.0,0.64
2020-06-30,9137.9931640625,15735797744,97.38999938964844,44.0,0.66
2020-07-01,9228.3251953125,15971550355,97.19999694824219,42.0,0.69
2020-07-02,9123.41015625,16338916796,97.31999969482422,42.0,0.68
2020-07-06,9375.474609375,17889263252,96.79000091552734,40.0,0.69
2020-07-07,9252.27734375,13839652595,96.87999725341797,43.0,0.65
2020-07-08,9428.3330078125,19702359883,96.43000030517578,44.0,0.67
2020-07-09,9277.9677734375,18000702524,96.69999694824219,44.0,0.62
2020-07-10,9278.8076171875,16860035605,96.6500015258789,41.0,0.65
2020-07-13,9243.6142578125,17519821266,96.45999908447266,43.0,0.64
2020-07-14,9243.2138671875,18085038362,96.26000213623047,43.0,0.63
2020-07-15,9192.8369140625,15844731575,96.08000183105469,44.0,0.64
2020-07-16,9132.2275390625,15713967523,96.3499984741211,43.0,0.62
2020-07-17,9151.392578125,13944570749,95.94000244140625,41.0,0.64
2020-07-20,9164.2314453125,13755604146,95.83000183105469,44.0,0.62
2020-07-21,9374.8876953125,18069581956,95.12000274658203,44.0,0.61
2020-07-22,9525.36328125,16532254884,94.97000122070312,50.0,0.6
2020-07-23,9581.072265625,18146399002,94.69000244140625,55.0,0.59
2020-07-24,9536.892578125,16552768325,94.44000244140625,53.0,0.59
2020-07-27,10990.873046875,35359749590,93.66999816894531,58.0,0.62
2020-07-28,10912.8232421875,28766551142,93.76000213623047,76.0,0.59
2020-07-29,11100.4677734375,24617249715,93.26000213623047,71.0,0.58
2020-07-30,11111.2138671875,22857247901,93.0199966430664,76.0,0.55
2020-07-31,11323.466796875,23160469766,93.48999786376953,75.0,0.55
2020-08-03,11246.3486328125,20271713443,93.5,75.0,0.56
2020-08-04,11205.892578125,21250197042,93.37999725341797,72.0,0.52
2020-08-05,11747.0224609375,24411254471,92.83000183105469,75.0,0.55
2020-08-06,11779.7734375,23400740340,92.79000091552734,79.0,0.55
2020-08-07,11601.47265625,23132312867,93.44000244140625,77.0,0.57
2020-08-10,11878.111328125,26114112569,93.58000183105469,78.0,0.59
2020-08-11,11410.525390625,27039782640,93.62999725341797,84.0,0.64
2020-08-12,11584.9345703125,25064548486,93.44000244140625,75.0,0.69
2020-08-13,11784.1376953125,27522199497,93.33999633789062,75.0,0.71
2020-08-14,11768.87109375,24237958589,93.0999984741211,78.0,0.71
2020-08-17,12254.40234375,28227687027,92.8499984741211,83.0,0.69
2020-08-18,11991.2333984375,26043227672,92.2699966430664,82.0,0.67
2020-08-19,11758.283203125,24502851117,92.88999938964844,80.0,0.68
2020-08-20,11878.3720703125,20175242945,92.79000091552734,75.0,0.65
2020-08-21,11592.4892578125,23762425999,93.25,81.0,0.64
2020-08-24,11774.595703125,20681511755,93.30000305175781,78.0,0.65
2020-08-25,11366.134765625,26301509932,93.0199966430664,75.0,0.69
2020-08-26,11488.36328125,22466660958,93.01000213623047,76.0,0.69
2020-08-27,11323.3974609375,23240415076,93.01000213623047,75.0,0.74
2020-08-28,11542.5,19807127588,92.37000274658203,74.0,0.74
2020-08-31,11680.8203125,22285928250,92.13999938964844,75.0,0.72
2020-09-01,11970.478515625,27311555343,92.33999633789062,75.0,0.68
2020-09-02,11414.0341796875,28037405299,92.8499984741211,83.0,0.66
2020-09-03,10245.296875,31927261555,92.73999786376953,79.0,0.63
2020-09-04,10511.8134765625,29965130374,92.72000122070312,40.0,0.72
2020-09-08,10131.5166015625,33430927462,93.4800033569336,41.0,0.69
2020-09-09,10242.34765625,24128292755,93.26000213623047,38.0,0.71
2020-09-10,10363.138671875,54406443211,93.33999633789062,38.0,0.68
2020-09-11,10400.9150390625,45201121775,93.33000183105469,41.0,0.67
2020-09-14,10680.837890625,35453581940,93.06999969482422,39.0,0.68
2020-09-15,10796.951171875,32509451925,93.05000305175781,47.0,0.68
2020-09-16,10974.9052734375,30769986455,93.20999908447266,43.0,0.69
2020-09-17,10948.990234375,38151810523,92.97000122070312,48.0,0.69
2020-09-18,10944.5859375,26341903912,92.93000030517578,49.0,0.7
2020-09-21,10462.259765625,28884999244,93.54000091552734,48.0,0.68
2020-09-22,10538.4599609375,23621787804,93.98999786376953,39.0,0.68
2020-09-23,10246.1865234375,23788661867,94.38999938964844,43.0,0.68
2020-09-24,10760.06640625,47144380902,94.3499984741211,39.0,0.67
2020-09-25,10692.716796875,39348590957,94.58000183105469,46.0,0.66
2020-09-28,10709.65234375,47762394731,94.26000213623047,43.0,0.67
2020-09-29,10844.640625,46582396602,93.88999938964844,45.0,0.66
2020-09-30,10784.4912109375,44171073700,93.88999938964844,49.0,0.69
2020-10-01,10619.4521484375,40023134100,93.70999908447266,45.0,0.68
2020-10-02,10575.974609375,48661453918,93.83999633789062,41.0,0.7
2020-10-05,10793.33984375,47537578009,93.51000213623047,42.0,0.78
2020-10-06,10604.40625,42623695307,93.83000183105469,47.0,0.76
2020-10-07,10668.96875,37799458436,93.62999725341797,43.0,0.81
2020-10-08,10915.685546875,63314794397,93.61000061035156,46.0,0.78
2020-10-09,11064.4580078125,22799117613,93.05999755859375,48.0,0.79
2020-10-12,11555.36328125,26163972642,93.06999969482422,52.0,0.79
2020-10-13,11425.8994140625,24241420251,93.52999877929688,56.0,0.74
2020-10-14,11429.5068359375,24103426719,93.37999725341797,53.0,0.73
2020-10-15,11495.349609375,24487233058,93.86000061035156,56.0,0.74
2020-10-16,11322.123046875,25635480772,93.68000030517578,52.0,0.76
2020-10-19,11742.037109375,23860769928,93.43000030517578,55.0,0.78
2020-10-20,11916.3349609375,30915821592,93.06999969482422,56.0,0.81
2020-10-21,12823.689453125,43414712626,92.61000061035156,61.0,0.83
2020-10-22,12965.8916015625,34729759598,92.94999694824219,73.0,0.87
2020-10-23,12931.5390625,28974975003,92.7699966430664,74.0,0.85
2020-10-26,13075.248046875,29461458313,93.05000305175781,75.0,0.81
2020-10-27,13654.21875,33749878156,92.94000244140625,61.0,0.79
2020-10-28,13271.28515625,35867318895,93.41000366210938,70.0,0.79
2020-10-29,13437.8828125,56499499598,93.95999908447266,67.0,0.85
2020-10-30,13546.5224609375,30581485201,94.04000091552734,74.0,0.88
2020-11-02,13550.4892578125,30771455468,94.05000305175781,71.0,0.87
2020-11-03,13950.30078125,29869951617,93.55000305175781,71.0,0.9
2020-11-04,14133.70703125,35116364962,93.41000366210938,74.0,0.78
2020-11-05,15579.8486328125,40856321439,92.52999877929688,72.0,0.79
2020-11-06,15565.880859375,39837841971,92.2300033569336,90.0,0.83
2020-11-09,15332.3154296875,34149115566,92.7300033569336,90.0,0.96
2020-11-10,15290.90234375,25574938143,92.75,90.0,0.98
2020-11-11,15701.33984375,29772374934,93.04000091552734,86.0,0.98
2020-11-12,16276.34375,34175758344,92.95999908447266,87.0,0.88
2020-11-13,16317.80859375,31599492172,92.76000213623047,89.0,0.89
2020-11-16,16716.111328125,31526766675,92.56999969482422,90.0,0.91
2020-11-17,17645.40625,39006849170,92.41999816894531,86.0,0.87
2020-11-18,17804.005859375,49064800278,92.31999969482422,91.0,0.88
2020-11-19,17817.08984375,36985055355,92.29000091552734,94.0,0.86
2020-11-20,18621.314453125,36992873940,92.38999938964844,86.0,0.83
2020-11-23,18364.12109375,42741112308,92.51000213623047,90.0,0.86
2020-11-24,19107.46484375,51469565009,92.2300033569336,88.0,0.88
2020-11-25,18732.12109375,43710357371,91.98999786376953,94.0,0.88
2020-11-27,17108.40234375,38886494645,91.79000091552734,86.0,0.84
2020-11-30,19625.8359375,47728480399,91.87000274658203,88.0,0.84
2020-12-01,18802.998046875,49633658712,91.30999755859375,95.0,0.92
2020-12-02,19201.091796875,37387697139,91.12000274658203,92.0,0.95
2020-12-03,19445.3984375,31930317405,90.70999908447266,92.0,0.92
2020-12-04,18699.765625,33872388058,90.69999694824219,92.0,0.97
2020-12-07,19191.630859375,26896357742,90.79000091552734,94.0,0.94
2020-12-08,18321.14453125,31692288756,90.97000122070312,95.0,0.92
2020-12-09,18553.916015625,34420373071,91.08999633789062,86.0,0.95
2020-12-10,18264.9921875,25547132265,90.79000091552734,94.0,0.92
2020-12-11,18058.904296875,27919640985,90.9800033569336,89.0,0.9
2020-12-14,19246.64453125,22473997681,90.70999908447266,95.0,0.9
2020-12-15,19417.076171875,26741982541,90.47000122070312,91.0,0.92
2020-12-16,21310.59765625,44409011479,90.44999694824219,92.0,0.92
2020-12-17,22805.162109375,71378606374,89.81999969482422,92.0,0.94
2020-12-18,23137.9609375,40387896275,90.0199966430664,95.0,0.95
2020-12-21,22803.08203125,45852713981,90.04000091552734,92.0,0.95
2020-12-22,23783.029296875,44171632681,90.6500015258789,88.0,0.93
2020-12-23,23241.345703125,51146161904,90.41000366210938,93.0,0.96
2020-12-24,23735.94921875,41080759713,90.33000183105469,86.0,0.94
2020-12-28,27084.80859375,49056742893,90.33999633789062,92.0,0.94
2020-12-29,27362.4375,45265946774,90.01000213623047,91.0,0.94
2020-12-30,28840.953125,51287442704,89.62999725341797,91.0,0.93
2020-12-31,29001.720703125,46754964848,89.94000244140625,95.0,0.93
2021-01-04,31971.9140625,81163475344,89.87999725341797,94.0,0.93
2021-01-05,33992.4296875,67547324782,89.44000244140625,93.0,0.96
2021-01-06,36824.36328125,75289433811,89.52999877929688,95.0,1.04
2021-01-07,39371.04296875,84762141031,89.83000183105469,91.0,1.08
2021-01-08,40797.609375,88107519480,90.0999984741211,93.0,1.13
2021-01-11,35566.65625,123320567399,90.54000091552734,90.0,1.15
2021-01-12,33922.9609375,74773277909,90.05000305175781,84.0,1.15
2021-01-13,37316.359375,69364315979,90.31999969482422,78.0,1.1
2021-01-14,39187.328125,63615990033,90.23999786376953,83.0,1.15
2021-01-15,36825.3671875,67760757881,90.77999877929688,88.0,1.11
2021-01-19,36069.8046875,57244195486,90.5,80.0,1.1
2021-01-20,35547.75,66834573161,90.47000122070312,78.0,1.1
2021-01-21,30825.69921875,75643067688,90.12999725341797,75.0,1.12
2021-01-22,33005.76171875,77207272511,90.23999786376953,40.0,1.1
2021-01-25,32366.392578125,59897054838,90.38999938964844,74.0,1.05
2021-01-26,32569.849609375,60255421470,90.16999816894531,71.0,1.05
2021-01-27,30432.546875,62576762015,90.6500015258789,78.0,1.04
2021-01-28,33466.09765625,76517157706,90.45999908447266,55.0,1.07
2021-01-29,34316.38671875,117894572511,90.58000183105469,77.0,1.11
2021-02-01,33537.17578125,61400400660,91.0199966430664,77.0,1.09
2021-02-02,35510.2890625,63088585433,91.19999694824219,76.0,1.12
2021-02-03,37472.08984375,61166818159,91.12000274658203,78.0,1.15
2021-02-04,36926.06640625,68838074392,91.52999877929688,80.0,1.15
2021-02-05,38144.30859375,58598066402,91.04000091552734,81.0,1.19
2021-02-08,46196.46484375,101467222687,90.93000030517578,83.0,1.19
2021-02-09,46481.10546875,91809846886,90.44000244140625,95.0,1.18
2021-02-10,44918.18359375,87301089896,90.37000274658203,92.0,1.15
2021-02-11,47909.33203125,81388911810,90.41999816894531,93.0,1.16
2021-02-12,47504.8515625,76555041196,90.4800033569336,92.0,1.2
2021-02-16,49199.87109375,77049582886,90.51000213623047,95.0,1.3
2021-02-17,52149.0078125,80820545404,90.94999694824219,95.0,1.29
2021-02-18,51679.796875,52054723579,90.58999633789062,91.0,1.29
2021-02-19,55888.1328125,63495496918,90.36000061035156,93.0,1.34
2021-02-22,54207.3203125,92052420332,90.01000213623047,94.0,1.37
2021-02-23,48824.42578125,106102492824,90.16999816894531,94.0,1.37
2021-02-24,49705.33203125,63695521388,90.18000030517578,76.0,1.38
2021-02-25,47093.8515625,54506565949,90.12999725341797,79.0,1.54
2021-02-26,46339.76171875,350967941479,90.93000030517578,55.0,1.44
2021-03-01,49631.2421875,53891300112,91.04000091552734,38.0,1.45
2021-03-02,48378.98828125,47530897720,90.79000091552734,78.0,1.42
2021-03-03,50538.2421875,53220811975,90.94999694824219,78.0,1.47
2021-03-04,48561.16796875,52343816680,91.62999725341797,84.0,1.54
2021-03-05,48927.3046875,48625928883,91.9800033569336,77.0,1.56
2021-03-08,52246.5234375,48597428048,92.30999755859375,81.0,1.59
2021-03-09,54824.1171875,50912227385,91.95999908447266,81.0,1.55
2021-03-10,56008.55078125,57295577614,91.79000091552734,68.0,1.53
2021-03-11,57805.12109375,56772343595,91.41999816894531,73.0,1.54
2021-03-12,57332.08984375,55689944702,91.68000030517578,70.0,1.64
2021-03-15,55907.19921875,66419369890,91.83000183105469,76.0,1.62
2021-03-16,56804.90234375,59749798599,91.87000274658203,71.0,1.62
2021-03-17,58870.89453125,60258313191,91.4000015258789,71.0,1.63
2021-03-18,57858.921875,55746041000,91.8499984741211,72.0,1.71
2021-03-19,58346.65234375,49063873786,91.91999816894531,71.0,1.74
2021-03-22,54529.14453125,56521454974,91.80000305175781,70.0,1.69
2021-03-23,54738.9453125,56435023914,92.33999633789062,66.0,1.63
2021-03-24,52774.265625,70567223787,92.52999877929688,65.0,1.62
2021-03-25,51704.16015625,67999812841,92.87999725341797,60.0,1.63
2021-03-26,55137.3125,56652197978,92.7699966430664,54.0,1.67
2021-03-29,57750.19921875,57625587027,92.94000244140625,72.0,1.73
2021-03-30,58917.69140625,54414116432,93.30000305175781,72.0,1.73
2021-03-31,58918.83203125,65520826225,93.2300033569336,76.0,1.74
2021-04-01,59095.80859375,61669163792,92.93000030517578,74.0,1.69
2021-04-05,59057.87890625,60706272115,92.5999984741211,71.0,1.73
2021-04-06,58192.359375,66058027988,92.33999633789062,75.0,1.67
2021-04-07,56048.9375,75645303584,92.45999908447266,72.0,1.68
2021-04-08,58323.953125,53053855641,92.05999755859375,73.0,1.64
2021-04-09,58245.00390625,46655208546,92.16000366210938,70.0,1.67
2021-04-12,59893.453125,51828688519,92.13999938964844,74.0,1.69
2021-04-13,63503.45703125,69983454362,91.8499984741211,74.0,1.64
2021-04-14,63109.6953125,77451779687,91.69000244140625,75.0,1.64
2021-04-15,63314.01171875,60954381579,91.66999816894531,79.0,1.56
2021-04-16,61572.7890625,84293007468,91.55999755859375,78.0,1.59
2021-04-19,55724.265625,65344865159,91.06999969482422,74.0,1.61
2021-04-20,56473.03125,67849323955,91.23999786376953,73.0,1.58
2021-04-21,53906.08984375,54926612466,91.16000366210938,73.0,1.57
2021-04-22,51762.2734375,74798630778,91.33000183105469,65.0,1.57
2021-04-23,51093.65234375,86668667320,90.86000061035156,55.0,1.58
2021-04-26,54021.75390625,58284039825,90.80999755859375,27.0,1.58
2021-04-27,55033.1171875,49448222757,90.91000366210938,50.0,1.63
2021-04-28,54824.703125,48000572955,90.61000061035156,59.0,1.63
2021-04-29,53555.109375,46088929780,90.61000061035156,52.0,1.65
2021-04-30,57750.17578125,52395931985,91.27999877929688,51.0,1.65
2021-05-03,57200.29296875,51713139031,90.94999694824219,61.0,1.63
2021-05-04,53333.5390625,68564706967,91.29000091552734,68.0,1.61
2021-05-05,57424.0078125,69241316747,91.30999755859375,48.0,1.59
2021-05-06,56396.515625,69523285106,90.94999694824219,65.0,1.58
2021-05-07,57356.40234375,68434023376,90.2300033569336,64.0,1.6
2021-05-10,55859.796875,71776546298,90.20999908447266,72.0,1.63
2021-05-11,56704.57421875,61308396325,90.13999938964844,61.0,1.64
2021-05-12,49150.53515625,75215403907,90.70999908447266,68.0,1.69
2021-05-13,49716.19140625,96721152926,90.75,31.0,1.66
2021-05-14,49880.53515625,55737497453,90.31999969482422,26.0,1.63
2021-05-17,43537.51171875,74903638450,90.22000122070312,27.0,1.64
2021-05-18,42909.40234375,56187365084,89.75,21.0,1.64
2021-05-19,37002.44140625,126358098747,90.19000244140625,23.0,1.68
2021-05-20,40782.73828125,88281943359,89.80999755859375,11.0,1.63
2021-05-21,37304.69140625,82051616861,90.0199966430664,19.0,1.63
2021-05-24,38705.98046875,67359584098,89.83000183105469,10.0,1.61
2021-05-25,38402.22265625,56211915803,89.63999938964844,22.0,1.56
2021-05-26,39294.19921875,51346735160,90.04000091552734,22.0,1.58
2021-05-27,38436.96875,43210968721,89.97000122070312,27.0,1.61
2021-05-28,35697.60546875,55200191952,90.02999877929688,21.0,1.58
2021-06-01,36684.92578125,34639423297,89.83000183105469,20.0,1.62
2021-06-02,37575.1796875,33070867190,89.9000015258789,23.0,1.59
2021-06-03,39208.765625,35460750427,90.5,24.0,1.63
2021-06-04,36894.40625,41831090187,90.13999938964844,27.0,1.56
2021-06-07,33560.70703125,33683936663,89.94999694824219,15.0,1.57
2021-06-08,33472.6328125,49902050442,90.08000183105469,13.0,1.53
2021-06-09,37345.12109375,53972919008,90.12000274658203,14.0,1.5
2021-06-10,36702.59765625,43576032854,90.08000183105469,21.0,1.45
2021-06-11,37334.3984375,38699736985,90.55999755859375,21.0,1.47
2021-06-14,40218.4765625,43148914673,90.5199966430664,28.0,1.51
2021-06-15,40406.26953125,46420149185,90.54000091552734,38.0,1.51
2021-06-16,38347.0625,39211635100,91.12999725341797,33.0,1.57
2021-06-17,38053.50390625,37096670047,91.88999938964844,26.0,1.52
2021-06-18,35787.24609375,36200887275,92.2300033569336,25.0,1.45
2021-06-21,31676.693359375,52809038594,91.86000061035156,23.0,1.5
2021-06-22,32505.66015625,58964353058,91.7300033569336,10.0,1.48
2021-06-23,33723.02734375,46317108925,91.80000305175781,14.0,1.5
2021-06-24,34662.4375,33123368116,91.81999969482422,22.0,1.49
2021-06-25,31637.779296875,40230904226,91.80999755859375,27.0,1.54
2021-06-28,34434.3359375,33892523752,91.87999725341797,25.0,1.49
2021-06-29,35867.77734375,37901460044,92.05000305175781,25.0,1.49
2021-06-30,35040.8359375,34059036099,92.44000244140625,28.0,1.45
2021-07-01,33572.1171875,37838957079,92.5999984741211,28.0,1.48
2021-07-02,33897.046875,38728974942,92.2300033569336,21.0,1.44
2021-07-06,34235.1953125,26501259870,92.55000305175781,20.0,1.37
2021-07-07,33855.328125,24796027477,92.63999938964844,28.0,1.33
2021-07-08,32877.37109375,29910396946,92.36000061035156,20.0,1.3
2021-07-09,33798.01171875,27436021028,92.12999725341797,20.0,1.37
2021-07-12,33155.84765625,24321499537,92.2300033569336,25.0,1.38
2021-07-13,32702.025390625,19120856669,92.75,20.0,1.42
2021-07-14,32822.34765625,21376531210,92.41000366210938,21.0,1.37
2021-07-15,31780.73046875,21300524237,92.62000274658203,20.0,1.31
2021-07-16,31421.5390625,23699476918,92.69000244140625,22.0,1.31
2021-07-19,30817.83203125,20434789545,92.88999938964844,24.0,1.19
2021-07-20,29807.34765625,23148267245,92.97000122070312,19.0,1.23
2021-07-21,32110.693359375,28203024559,92.75,10.0,1.3
2021-07-22,32313.10546875,19555230518,92.81999969482422,21.0,1.27
2021-07-23,33581.55078125,22552046192,92.91000366210938,23.0,1.3
2021-07-26,37337.53515625,51022126212,92.6500015258789,26.0,1.29
2021-07-27,39406.94140625,35097370560,92.43000030517578,32.0,1.25
2021-07-28,39995.90625,38702404695,92.31999969482422,50.0,1.26
2021-07-29,40008.421875,27167146027,91.86000061035156,50.0,1.28
2021-07-30,42235.546875,33072782960,92.16999816894531,53.0,1.24
2021-08-02,39201.9453125,25595265436,92.05000305175781,48.0,1.2
2021-08-03,38152.98046875,26189830450,92.08000183105469,48.0,1.19
2021-08-04,39747.50390625,25372562724,92.2699966430664,42.0,1.19
2021-08-05,40869.5546875,35185031017,92.23999786376953,50.0,1.23
2021-08-06,42816.5,38226483046,92.80000305175781,52.0,1.31
2021-08-09,46365.40234375,38734079049,92.94999694824219,65.0,1.33
2021-08-10,45585.03125,33546019517,93.05999755859375,71.0,1.36
2021-08-11,45593.63671875,34319709073,92.91000366210938,70.0,1.35
2021-08-12,44428.2890625,33723620826,93.04000091552734,70.0,1.36
2021-08-13,47793.3203125,31744259539,92.5199966430664,70.0,1.29
2021-08-16,46004.484375,32776876610,92.62999725341797,72.0,1.26
2021-08-17,44695.359375,33451362600,93.12999725341797,72.0,1.26
2021-08-18,44801.1875,32194123075,93.13999938964844,73.0,1.27
2021-08-19,46717.578125,37204312299,93.56999969482422,70.0,1.24
2021-08-20,49339.17578125,34706867452,93.5,70.0,1.26
2021-08-23,49546.1484375,34305053719,92.95999908447266,79.0,1.25
2021-08-24,47706.1171875,35361168834,92.88999938964844,79.0,1.29
2021-08-25,48960.7890625,32646349931,92.83000183105469,73.0,1.35
2021-08-26,46942.21875,32666549568,93.05999755859375,75.0,1.34
2021-08-27,49058.66796875,34511076995,92.69000244140625,71.0,1.31
2021-08-30,47054.984375,31847007016,92.6500015258789,73.0,1.29
2021-08-31,47166.6875,34730363427,92.62999725341797,73.0,1.3
2021-09-01,48847.02734375,39139399125,92.44999694824219,71.0,1.31
2021-09-02,49327.72265625,39508070319,92.2300033569336,74.0,1.29
2021-09-03,50025.375,43206179619,92.04000091552734,74.0,1.33
2021-09-07,46811.12890625,65210059683,92.5199966430664,79.0,1.38
2021-09-08,46091.390625,49007762488,92.6500015258789,47.0,1.35
2021-09-09,46391.421875,38672657013,92.4800033569336,45.0,1.3
2021-09-10,44883.91015625,39154666597,92.58000183105469,46.0,1.35
2021-09-13,44963.07421875,40969943253,92.62000274658203,44.0,1.33
2021-09-14,47092.4921875,38652152880,92.6500015258789,30.0,1.28
2021-09-15,48176.34765625,30484496466,92.48999786376953,49.0,1.31
2021-09-16,47783.359375,31764293754,92.86000061035156,53.0,1.34
2021-09-17,47267.51953125,28727713711,93.19999694824219,48.0,1.37
2021-09-20,42843.80078125,43909845642,93.23999786376953,50.0,1.31
2021-09-21,40693.67578125,48701090088,93.19999694824219,27.0,1.33
2021-09-22,43574.5078125,38139709246,93.45999908447266,21.0,1.32
2021-09-23,44895.09765625,34244064430,93.0999984741211,27.0,1.41
2021-09-24,42839.75,42839345714,93.33000183105469,33.0,1.47
2021-09-27,42235.73046875,30980029059,93.37999725341797,26.0,1.48
2021-09-28,41034.54296875,30214940550,93.7699966430664,25.0,1.54
2021-09-29,41564.36328125,30602359905,94.33999633789062,24.0,1.55
2021-09-30,43790.89453125,31141681925,94.25,20.0,1.52
2021-10-01,48116.94140625,42850641582,94.04000091552734,27.0,1.48
2021-10-04,49112.90234375,33383173002,93.80999755859375,54.0,1.49
2021-10-05,51514.8125,35873904236,93.9800033569336,59.0,1.54
2021-10-06,55361.44921875,49034730168,94.2699966430664,68.0,1.53
2021-10-07,53805.984375,36807860413,94.22000122070312,76.0,1.58
2021-10-08,53967.84765625,34800873924,94.06999969482422,74.0,1.61
2021-10-11,57484.7890625,42637331698,94.31999969482422,71.0,1.61
2021-10-12,56041.05859375,41083758949,94.5199966430664,78.0,1.59
2021-10-13,57401.09765625,41684252783,94.08000183105469,70.0,1.56
2021-10-14,57321.5234375,36615791366,93.95999908447266,70.0,1.52
2021-10-15,61593.94921875,51780081801,93.94000244140625,71.0,1.59
2021-10-18,62026.078125,38055562075,93.94999694824219,78.0,1.59
2021-10-19,64261.9921875,40471196346,93.79000091552734,75.0,1.65
2021-10-20,65992.8359375,40788955582,93.55999755859375,82.0,1.65
2021-10-21,62210.171875,45908121370,93.7699966430664,84.0,1.68
2021-10-22,60692.265625,38434082775,93.61000061035156,75.0,1.66
2021-10-25,63039.82421875,31064911614,93.80999755859375,72.0,1.64
2021-10-26,60363.79296875,34878965587,93.94999694824219,76.0,1.63
2021-10-27,58482.38671875,43657076893,93.86000061035156,73.0,1.54
2021-10-28,60622.13671875,45257083247,93.3499984741211,66.0,1.57
2021-10-29,62227.96484375,36856881767,94.12000274658203,70.0,1.55
2021-11-01,61004.40625,36150572843,93.87999725341797,74.0,1.58
2021-11-02,63226.40234375,37746665647,94.08999633789062,73.0,1.56
2021-11-03,62970.046875,36124731509,93.86000061035156,76.0,1.6
2021-11-04,61452.23046875,32615846901,94.3499984741211,73.0,1.53
2021-11-05,61125.67578125,30605102446,94.31999969482422,73.0,1.45
2021-11-08,67566.828125,41125608330,94.05000305175781,75.0,1.51
2021-11-09,66971.828125,42357991721,93.95999908447266,84.0,1.46
2021-11-10,64995.23046875,48730828378,94.8499984741211,75.0,1.56
2021-11-11,64949.9609375,35880633236,95.18000030517578,77.0,1.56
2021-11-12,64155.94140625,36084893887,95.12999725341797,74.0,1.58
2021-11-15,63557.87109375,30558763548,95.41000366210938,72.0,1.63
2021-11-16,60161.24609375,46844335592,95.91999816894531,71.0,1.63
2021-11-17,60368.01171875,39178392930,95.83000183105469,52.0,1.6
2021-11-18,56942.13671875,41388338699,95.54000091552734,54.0,1.59
2021-11-19,58119.578125,38702407772,96.06999969482422,34.0,1.54
2021-11-22,56289.2890625,35036121783,96.5,50.0,1.63
2021-11-23,57569.07421875,37485803899,96.48999786376953,33.0,1.67
2021-11-24,56280.42578125,36635566789,96.83999633789062,42.0,1.64
2021-11-26,53569.765625,41810748221,96.08999633789062,47.0,1.48
2021-11-29,57806.56640625,32370840356,96.33999633789062,33.0,1.52
2021-11-30,57005.42578125,36708594618,95.98999786376953,40.0,1.43
2021-12-01,57229.828125,36858195307,96.05000305175781,34.0,1.43
2021-12-02,56477.81640625,32379968686,96.12999725341797,32.0,1.44
2021-12-03,53598.24609375,39789134215,96.12000274658203,31.0,1.35
2021-12-06,50582.625,37707308001,96.29000091552734,16.0,1.43
2021-12-07,50700.0859375,33676814852,96.37000274658203,25.0,1.48
2021-12-08,50504.796875,28479699446,95.88999938964844,28.0,1.52
2021-12-09,47672.12109375,29603577251,96.2699966430664,29.0,1.49
2021-12-10,47243.3046875,30966005122,96.05000305175781,24.0,1.48
2021-12-13,46737.48046875,32166727776,96.31999969482422,28.0,1.42
2021-12-14,46612.6328125,34638619079,96.56999969482422,21.0,1.44
2021-12-15,48896.72265625,36541828520,96.51000213623047,28.0,1.47
2021-12-16,47665.42578125,27268150947,96.04000091552734,29.0,1.44
2021-12-17,46202.14453125,32902725329,96.56999969482422,23.0,1.41
2021-12-20,46880.27734375,30961902129,96.55000305175781,25.0,1.43
2021-12-21,48936.61328125,27055803928,96.48999786376953,27.0,1.48
2021-12-22,48628.51171875,24447979559,96.08000183105469,45.0,1.46
2021-12-23,50784.5390625,28223878108,96.0199966430664,34.0,1.5
2021-12-27,50640.41796875,24324345758,96.08999633789062,40.0,1.48
2021-12-28,47588.85546875,33430376883,96.19999694824219,41.0,1.49
2021-12-29,46444.7109375,30049226299,95.93000030517578,27.0,1.55
2021-12-30,47178.125,26686491018,95.97000122070312,22.0,1.52
2021-12-31,46306.4453125,36974172400,95.66999816894531,28.0,1.52
2022-01-03,46458.1171875,33071628362,96.23999786376953,29.0,1.63
2022-01-04,45897.57421875,42494677905,96.29000091552734,23.0,1.66
2022-01-05,43569.00390625,36851084859,96.19000244140625,24.0,1.71
2022-01-06,43160.9296875,30208048289,96.25,15.0,1.73
2022-01-07,41557.90234375,84196607520,95.73999786376953,18.0,1.76
2022-01-10,41821.26171875,32104232331,95.98999786376953,23.0,1.78
2022-01-11,42735.85546875,26327648900,95.62000274658203,21.0,1.75
2022-01-12,43949.1015625,33499938689,95.0,22.0,1.74
2022-01-13,42591.5703125,47691135082,94.79000091552734,21.0,1.7
2022-01-14,43099.69921875,23577403399,95.16999816894531,21.0,1.78
2022-01-18,42375.6328125,22417209227,95.7300033569336,24.0,1.87
2022-01-19,41744.328125,23091543258,95.51000213623047,24.0,1.83
2022-01-20,40680.41796875,20382033940,95.73999786376953,24.0,1.83
2022-01-21,36457.31640625,43011992031,95.63999938964844,19.0,1.75
2022-01-24,36654.328125,41856658597,95.91999816894531,13.0,1.75
2022-01-25,36954.00390625,26428189594,95.94999694824219,12.0,1.78
2022-01-26,36852.12109375,31324598034,96.48999786376953,23.0,1.85
2022-01-27,37138.234375,25041426629,97.26000213623047,20.0,1.81
2022-01-28,37784.33203125,22238830523,97.2699966430664,24.0,1.78
2022-01-31,38483.125,20734730465,96.54000091552734,20.0,1.79
2022-02-01,38743.2734375,20288500328,96.38999938964844,26.0,1.81
2022-02-02,36952.984375,19155189416,95.94000244140625,28.0,1.78
2022-02-03,37154.6015625,18591534769,95.37999725341797,20.0,1.82
2022-02-04,41500.875,29412210792,95.4800033569336,20.0,1.93
2022-02-07,43840.28515625,28641855926,95.4000015258789,45.0,1.92
2022-02-08,44118.4453125,33079398868,95.63999938964844,48.0,1.96
2022-02-09,44338.796875,23245887300,95.48999786376953,54.0,1.94
2022-02-10,43565.11328125,32142048537,95.55000305175781,50.0,2.03
2022-02-11,42407.9375,26954925781,96.08000183105469,50.0,1.92
2022-02-14,42586.91796875,20827783012,96.37000274658203,46.0,1.98
2022-02-15,44575.203125,22721659051,95.98999786376953,46.0,2.05
2022-02-16,43961.859375,19792547657,95.69999694824219,51.0,2.03
2022-02-17,40538.01171875,26246662813,95.80000305175781,52.0,1.97
2022-02-18,40030.9765625,23310007704,96.04000091552734,30.0,1.92
2022-02-22,38286.02734375,25493150450,96.02999877929688,20.0,1.94
2022-02-23,37296.5703125,21849073843,96.19000244140625,25.0,1.99
2022-02-24,38332.609375,46383802093,97.13999938964844,23.0,1.96
2022-02-25,39214.21875,26545599159,96.62000274658203,27.0,1.97
2022-02-28,43193.234375,35690014104,96.70999908447266,20.0,1.83
2022-03-01,44354.63671875,32479047645,97.41000366210938,51.0,1.72
2022-03-02,43924.1171875,29183112630,97.38999938964844,52.0,1.86
2022-03-03,42451.7890625,24967782593,97.79000091552734,39.0,1.86
2022-03-04,39137.60546875,28516271427,98.6500015258789,33.0,1.74
2022-03-07,38062.0390625,28546143503,99.29000091552734,23.0,1.78
2022-03-08,38737.26953125,25776583476,99.05999755859375,21.0,1.86
2022-03-09,41982.92578125,32284121034,97.97000122070312,22.0,1.94
2022-03-10,39437.4609375,31078064711,98.51000213623047,28.0,1.98
2022-03-11,38794.97265625,26364890465,99.12000274658203,22.0,2.0
2022-03-14,39666.75390625,24322159070,99.05999755859375,23.0,2.14
2022-03-15,39338.78515625,23934000868,99.06999969482422,21.0,2.15
2022-03-16,41143.9296875,39616916192,98.37999725341797,24.0,2.19
2022-03-17,40951.37890625,22009601093,98.01000213623047,27.0,2.2
2022-03-18,41801.15625,34421564942,98.2300033569336,25.0,2.14
2022-03-21,41077.99609375,24615543271,98.5,30.0,2.32
2022-03-22,42358.80859375,32004652376,98.48999786376953,26.0,2.38
2022-03-23,42892.95703125,25242943069,98.62000274658203,31.0,2.32
2022-03-24,43960.93359375,31042992291,98.79000091552734,40.0,2.34
2022-03-25,44348.73046875,30574413034,98.80999755859375,47.0,2.48
2022-03-28,47128.00390625,36362175703,99.08999633789062,60.0,2.46
2022-03-29,47465.73046875,31397059069,98.4000015258789,56.0,2.41
2022-03-30,47062.6640625,29333883962,97.79000091552734,55.0,2.35
2022-03-31,45538.67578125,33327427106,98.30999755859375,52.0,2.32
2022-04-01,46281.64453125,38162644287,98.62999725341797,50.0,2.39
2022-04-04,46622.67578125,32499785455,98.98999786376953,52.0,2.42
2022-04-05,45555.9921875,29640604055,99.47000122070312,53.0,2.54
2022-04-06,43206.73828125,39393395788,99.5999984741211,48.0,2.61
2022-04-07,43503.84765625,26101973106,99.75,34.0,2.66
2022-04-08,42287.6640625,27215995394,99.80000305175781,37.0,2.72
2022-04-11,39521.90234375,33949912166,99.93000030517578,32.0,2.79
2022-04-12,40127.18359375,30991500854,100.29000091552734,20.0,2.72
2022-04-13,41166.73046875,27691105228,99.87999725341797,25.0,2.7
2022-04-14,39935.515625,24342001973,100.31999969482422,28.0,2.83
2022-04-18,40826.21484375,33705182072,100.77999877929688,24.0,2.85
2022-04-19,41502.75,25303206547,100.95999908447266,27.0,2.93
2022-04-20,41374.37890625,27819532341,100.38999938964844,27.0,2.85
2022-04-21,40527.36328125,35372786395,100.58000183105469,27.0,2.9
2022-04-22,39740.3203125,28011716745,101.22000122070312,26.0,2.9
2022-04-25,40458.30859375,35445730570,101.75,23.0,2.81
2022-04-26,38117.4609375,34569088416,102.30000305175781,27.0,2.77
2022-04-27,39241.12109375,30981015184,102.94999694824219,21.0,2.82
2022-04-28,39773.828125,33903704907,103.62000274658203,24.0,2.85
2022-04-29,38609.82421875,30882994649,102.95999908447266,23.0,2.89
2022-05-02,38529.328125,32922642426,103.73999786376953,28.0,2.99
2022-05-03,37750.453125,27326943244,103.47000122070312,27.0,2.97
2022-05-04,39698.37109375,36754404490,102.58999633789062,21.0,2.93
2022-05-05,36575.140625,43106256317,103.75,27.0,3.05
2022-05-06,36040.921875,37795577489,103.66000366210938,22.0,3.12
2022-05-09,30296.953125,63355494961,103.6500015258789,11.0,3.05
2022-05-10,31022.90625,59811038817,103.91999816894531,10.0,2.99
2022-05-11,28936.35546875,70388855818,103.8499984741211,12.0,2.91
2022-05-12,29047.751953125,66989173272,104.8499984741211,12.0,2.84
2022-05-13,29283.103515625,42841124537,104.55999755859375,10.0,2.93
2022-05-16,29862.91796875,32613897286,104.19000244140625,14.0,2.88
2022-05-17,30425.857421875,29101473475,103.36000061035156,8.0,2.98
2022-05-18,28720.271484375,31285268319,103.80999755859375,12.0,2.89
2022-05-19,30314.333984375,33773447707,102.72000122070312,13.0,2.84
2022-05-20,29200.740234375,30749382605,103.1500015258789,13.0,2.78
2022-05-23,29098.91015625,31483454557,102.08000183105469,10.0,2.86
2022-05-24,29655.5859375,26616506245,101.86000061035156,12.0,2.76
2022-05-25,29562.361328125,27525063551,102.05999755859375,11.0,2.75
2022-05-26,29267.224609375,36774325352,101.83000183105469,12.0,2.75
2022-05-27,28627.57421875,36582005748,101.66999816894531,12.0,2.74
2022-05-31,31792.310546875,33538210634,101.75,16.0,2.85
2022-06-01,29799.080078125,41135817341,102.55000305175781,17.0,2.94
2022-06-02,30467.48828125,29083562061,101.7699966430664,13.0,2.92
2022-06-03,29704.390625,26175547452,102.13999938964844,10.0,2.96
2022-06-06,31370.671875,31947336829,102.44000244140625,13.0,3.04
2022-06-07,31155.478515625,40770974039,102.31999969482422,15.0,2.98
2022-06-08,30214.35546875,30242059107,102.54000091552734,17.0,3.03
2022-06-09,30111.998046875,21692004719,103.22000122070312,11.0,3.04
2022-06-10,29083.8046875,29867476527,104.1500015258789,13.0,3.15
2022-06-13,22487.388671875,68204556440,105.08000183105469,11.0,3.43
2022-06-14,22206.79296875,50913575242,105.5199966430664,8.0,3.49
2022-06-15,22572.83984375,54912007015,105.16000366210938,7.0,3.33
2022-06-16,20381.650390625,31183975654,103.62999725341797,7.0,3.28
2022-06-17,20471.482421875,27132421514,104.69999694824219,9.0,3.25
2022-06-21,20710.59765625,28970212744,104.44000244140625,9.0,3.31
2022-06-22,19987.029296875,28574793478,104.19999694824219,11.0,3.16
2022-06-23,21085.876953125,26188097173,104.43000030517578,11.0,3.09
2022-06-24,21231.65625,24957784918,104.19000244140625,11.0,3.13
2022-06-27,20735.478515625,20965695707,103.94000244140625,12.0,3.2
2022-06-28,20280.634765625,21381535161,104.51000213623047,10.0,3.2
2022-06-29,20104.0234375,23552740328,105.11000061035156,13.0,3.1
2022-06-30,19784.7265625,26267239923,104.69000244140625,11.0,2.98
2022-07-01,19269.3671875,30767551159,105.13999938964844,11.0,2.88
2022-07-05,20190.115234375,26715546990,106.5,19.0,2.82
2022-07-06,20548.24609375,24598943708,107.0999984741211,18.0,2.93
2022-07-07,21637.587890625,25814972520,107.12999725341797,18.0,3.01
2022-07-08,21731.1171875,49899834488,107.01000213623047,20.0,3.09
2022-07-11,19970.556640625,24150249025,108.0199966430664,22.0,2.99
2022-07-12,19323.9140625,25810220018,108.06999969482422,16.0,2.96
2022-07-13,20212.07421875,33042430345,107.95999908447266,15.0,2.91
2022-07-14,20569.919921875,31158743333,108.54000091552734,18.0,2.96
2022-07-15,20836.328125,25905575359,108.05999755859375,15.0,2.93
2022-07-18,22485.689453125,39974475562,107.37000274658203,20.0,2.96
2022-07-19,23389.43359375,48765202697,106.68000030517578,30.0,3.01
2022-07-20,23231.732421875,42932549127,107.08000183105469,31.0,3.04
2022-07-21,23164.62890625,33631012204,106.91000366210938,34.0,2.91
2022-07-22,22714.978515625,31421555646,106.7300033569336,33.0,2.77
2022-07-25,21361.701171875,35574561406,106.4800033569336,30.0,2.81
2022-07-26,21239.75390625,28624673855,107.19000244140625,26.0,2.81
2022-07-27,22930.548828125,31758955233,106.44999694824219,28.0,2.78
2022-07-28,23843.88671875,40212386158,106.3499984741211,32.0,2.68
2022-07-29,23804.6328125,35887249746,105.9000015258789,39.0,2.67
2022-08-01,23314.19921875,25849159141,105.44999694824219,33.0,2.6
2022-08-02,22978.1171875,28389250717,106.23999786376953,31.0,2.75
2022-08-03,22846.5078125,26288169966,106.51000213623047,34.0,2.73
2022-08-04,22630.95703125,25120229769,105.69000244140625,30.0,2.68
2022-08-05,23289.314453125,28881249043,106.62000274658203,31.0,2.83
2022-08-08,23809.486328125,28575544847,106.44000244140625,30.0,2.77
2022-08-09,23164.318359375,23555719219,106.37000274658203,42.0,2.8
2022-08-10,23947.642578125,32837431722,105.19999694824219,31.0,2.78
2022-08-11,23957.529296875,37127036580,105.08999633789062,41.0,2.87
2022-08-12,24402.818359375,27265804688,105.62999725341797,42.0,2.84
2022-08-15,24136.97265625,35123501685,106.55000305175781,45.0,2.79
2022-08-16,23883.291015625,27753685646,106.5,44.0,2.82
2022-08-17,23335.998046875,30931623076,106.56999969482422,41.0,2.89
2022-08-18,23212.73828125,23747613147,107.4800033569336,30.0,2.88
2022-08-19,20877.552734375,40509610260,108.16999816894531,33.0,2.98
2022-08-22,21398.908203125,31666498758,109.05000305175781,29.0,3.03
2022-08-23,21528.087890625,31878280659,108.62000274658203,28.0,3.05
2022-08-24,21395.01953125,31962253368,108.68000030517578,25.0,3.11
2022-08-25,21600.904296875,31028679593,108.47000122070312,25.0,3.03
2022-08-26,20260.01953125,42326789564,108.80000305175781,27.0,3.04
2022-08-29,20297.994140625,32637854078,108.83999633789062,24.0,3.12
2022-08-30,19796.80859375,34483360283,108.7699966430664,27.0,3.11
2022-08-31,20049.763671875,33225232872,108.69999694824219,23.0,3.15
2022-09-01,20127.140625,30182031010,109.69000244140625,20.0,3.26
2022-09-02,19969.771484375,29123998928,109.52999877929688,25.0,3.2
2022-09-06,18837.66796875,43403978910,110.20999908447266,22.0,3.33
2022-09-07,19290.32421875,35239757134,109.83999633789062,24.0,3.27
2022-09-08,19329.833984375,32194477850,109.70999908447266,20.0,3.29
2022-09-09,21381.15234375,48469528171,109.0,22.0,3.33
2022-09-12,22370.44921875,50212088965,108.33000183105469,25.0,3.37
2022-09-13,20296.70703125,51091116622,109.81999969482422,34.0,3.42
2022-09-14,20241.08984375,37872380889,109.66000366210938,27.0,3.41
2022-09-15,19701.2109375,36389011503,109.73999786376953,28.0,3.45
2022-09-16,19772.583984375,30123362273,109.76000213623047,20.0,3.45
2022-09-19,19544.12890625,40177002624,109.73999786376953,21.0,3.49
2022-09-20,18890.7890625,36791346508,110.22000122070312,23.0,3.57
2022-09-21,18547.400390625,46363793975,110.63999938964844,23.0,3.51
2022-09-22,19413.55078125,41135767926,111.3499984741211,22.0,3.7
2022-09-23,19297.638671875,38896078052,113.19000244140625,20.0,3.69
2022-09-26,19222.671875,44148798321,114.0999984741211,21.0,3.88
2022-09-27,19110.546875,58571439619,114.11000061035156,20.0,3.97
2022-09-28,19426.720703125,53071298734,112.5999984741211,20.0,3.72
2022-09-29,19573.05078125,41037843771,112.25,22.0,3.76
2022-09-30,19431.7890625,43975248085,112.12000274658203,21.0,3.83
2022-10-03,19623.580078125,30484729489,111.75,24.0,3.67
2022-10-04,20336.84375,35887278685,110.06999969482422,20.0,3.62
2022-10-05,20160.716796875,33223790572,111.06999969482422,25.0,3.76
2022-10-06,19955.443359375,34711412966,112.26000213623047,26.0,3.83
2022-10-07,19546.849609375,29227315390,112.80000305175781,23.0,3.89
2022-10-10,19141.484375,27425022774,113.13999938964844,22.0,3.89
2022-10-11,19051.41796875,28711532910,113.22000122070312,24.0,3.93
2022-10-12,19157.4453125,24950173846,113.31999969482422,20.0,3.91
2022-10-13,19382.904296875,44219840004,112.36000061035156,20.0,3.97
2022-10-14,19185.65625,38452356727,113.30999755859375,24.0,4.0
2022-10-17,19550.7578125,27472552998,112.04000091552734,20.0,4.02
2022-10-18,19334.416015625,30580012344,112.12999725341797,22.0,4.01
2022-10-19,19139.53515625,22425387184,112.9800033569336,23.0,4.14
2022-10-20,19053.740234375,24493974420,112.87999725341797,23.0,4.24
2022-10-21,19172.46875,32459287866,112.01000213623047,23.0,4.21
2022-10-24,19345.572265625,30202235805,111.98999786376953,22.0,4.25
2022-10-25,20095.857421875,47761524910,110.94999694824219,20.0,4.1
2022-10-26,20770.44140625,58895950537,109.69999694824219,33.0,4.04
2022-10-27,20285.8359375,49625110402,110.58999633789062,32.0,3.96
2022-10-28,20595.3515625,43994715910,110.66999816894531,30.0,4.02
2022-10-31,20495.7734375,45668466815,111.52999877929688,31.0,4.1
2022-11-01,20485.2734375,39819303159,111.4800033569336,30.0,4.07
2022-11-02,20159.50390625,55552169483,111.3499984741211,30.0,4.1
2022-11-03,20209.98828125,43228750179,112.93000030517578,30.0,4.14
2022-11-04,21147.23046875,64072727950,110.87999725341797,30.0,4.17
2022-11-07,20602.81640625,53510852236,110.12000274658203,33.0,4.22
2022-11-08,18541.271484375,118992465607,109.62000274658203,31.0,4.14
2022-11-09,15880.7802734375,102905151606,110.55000305175781,29.0,4.12
2022-11-10,17586.771484375,83202283721,108.20999908447266,22.0,3.82
2022-11-11,17034.29296875,55871616488,106.29000091552734,25.0,3.82
2022-11-14,16618.19921875,49630243054,106.66000366210938,24.0,3.88
2022-11-15,16884.61328125,36599436183,106.4000015258789,22.0,3.8
2022-11-16,16669.439453125,33925512989,106.27999877929688,23.0,3.67
2022-11-17,16687.517578125,27868914022,106.69000244140625,20.0,3.77
2022-11-18,16697.77734375,26862218609,106.93000030517578,23.0,3.82
2022-11-21,15787.2841796875,37429485518,107.83999633789062,21.0,3.83
2022-11-22,16189.76953125,30726828760,107.22000122070312,22.0,3.76
2022-11-23,16610.70703125,32958875628,106.08000183105469,22.0,3.71
2022-11-25,16521.841796875,18678255976,105.95999908447266,20.0,3.68
2022-11-28,16217.322265625,27743025156,106.68000030517578,28.0,3.69
2022-11-29,16444.982421875,23581685468,106.81999969482422,26.0,3.75
2022-11-30,17168.56640625,29523576583,105.94999694824219,29.0,3.68
2022-12-01,16967.1328125,22895392882,104.7300033569336,27.0,3.53
2022-12-02,17088.66015625,19539705127,104.55000305175781,27.0,3.51
2022-12-05,16974.826171875,22209086834,105.29000091552734,26.0,3.6
2022-12-06,17089.50390625,19889922369,105.58000183105469,25.0,3.51
2022-12-07,16848.126953125,19675404389,105.0999984741211,29.0,3.42
2022-12-08,17233.474609375,20496603770,104.7699966430664,25.0,3.48
2022-12-09,17133.15234375,20328426366,104.80999755859375,26.0,3.57
2022-12-12,17206.4375,19617581341,105.12999725341797,27.0,3.61
2022-12-13,17781.318359375,26634741631,103.9800033569336,27.0,3.51
2022-12-14,17815.650390625,25534481470,103.7699966430664,30.0,3.49
2022-12-15,17364.865234375,20964448341,104.55999755859375,31.0,3.44
2022-12-16,16647.484375,24031608960,104.69999694824219,29.0,3.48
2022-12-19,16439.6796875,17221074814,104.72000122070312,29.0,3.57
2022-12-20,16906.3046875,22722096615,103.97000122070312,29.0,3.69
2022-12-21,16817.53515625,14882945045,104.16000366210938,26.0,3.68
2022-12-22,16830.341796875,16441573050,104.43000030517578,28.0,3.67
2022-12-23,16796.953125,15329265213,104.30999755859375,27.0,3.75
2022-12-27,16717.173828125,15748580239,104.18000030517578,27.0,3.84
2022-12-28,16552.572265625,17005713920,104.45999908447266,28.0,3.88
2022-12-29,16642.341796875,14472237479,103.83999633789062,28.0,3.83
2022-12-30,16602.5859375,15929162910,103.5199966430664,28.0,3.88
2023-01-03,16679.857421875,13903079207,104.5199966430664,26.0,3.79
2023-01-04,16863.23828125,18421743322,104.25,29.0,3.69
2023-01-05,16836.736328125,13692758566,105.04000091552734,29.0,3.71
2023-01-06,16951.96875,14413662913,103.87999725341797,26.0,3.55
2023-01-09,17196.5546875,18624736866,103.0,25.0,3.53
2023-01-10,17446.29296875,15808338949,103.23999786376953,26.0,3.61
2023-01-11,17934.896484375,18372283782,103.19000244140625,26.0,3.54
2023-01-12,18869.587890625,34971338710,102.25,30.0,3.43
2023-01-13,19909.57421875,29225029694,102.19999694824219,31.0,3.49
2023-01-17,21161.51953125,24999983362,102.38999938964844,51.0,3.53
2023-01-18,20688.78125,30005625418,102.36000061035156,52.0,3.37
2023-01-19,21086.79296875,21152848261,102.05999755859375,45.0,3.39
2023-01-20,22676.552734375,28799154319,102.01000213623047,51.0,3.48
2023-01-23,22934.431640625,26518700512,102.13999938964844,50.0,3.52
2023-01-24,22636.46875,26405069715,101.91999816894531,52.0,3.46
2023-01-25,23117.859375,30685366709,101.63999938964844,51.0,3.46
2023-01-26,23032.77734375,26357839322,101.83999633789062,54.0,3.49
2023-01-27,23078.728515625,25383335641,101.93000030517578,55.0,3.52
2023-01-30,22840.138671875,27205595568,102.27999877929688,61.0,3.55
2023-01-31,23139.283203125,22837828665,102.0999984741211,51.0,3.52
2023-02-01,23723.76953125,26683255504,101.22000122070312,56.0,3.39
2023-02-02,23471.87109375,32066936882,101.75,60.0,3.4
2023-02-03,23449.322265625,27083066007,102.91999816894531,60.0,3.53
2023-02-06,22760.109375,23825006542,103.62000274658203,56.0,3.63
2023-02-07,23264.291015625,27187964471,103.43000030517578,54.0,3.67
2023-02-08,22939.3984375,25371367758,103.41000366210938,58.0,3.63
2023-02-09,21819.0390625,32572572185,103.22000122070312,55.0,3.67
2023-02-10,21651.18359375,27078406594,103.62999725341797,48.0,3.74
2023-02-13,21808.1015625,23918742607,103.3499984741211,48.0,3.72
2023-02-14,22220.8046875,26792596581,103.2300033569336,50.0,3.77
2023-02-15,24307.841796875,32483312909,103.91999816894531,53.0,3.81
2023-02-16,23623.474609375,39316664596,103.86000061035156,62.0,3.86
2023-02-17,24565.6015625,41358451255,103.86000061035156,61.0,3.82
2023-02-21,24436.353515625,31252098714,104.18000030517578,60.0,3.95
2023-02-22,24188.84375,30199996781,104.58999633789062,59.0,3.93
2023-02-23,23947.4921875,30476264066,104.5999984741211,56.0,3.88
2023-02-24,23198.126953125,26811744928,105.20999908447266,53.0,3.95
2023-02-27,23522.87109375,22660763494,104.66999816894531,50.0,3.92
2023-02-28,23147.353515625,20535363434,104.87000274658203,53.0,3.92
2023-03-01,23646.55078125,24662841200,104.4800033569336,50.0,4.01
2023-03-02,23475.466796875,20386398516,105.02999877929688,51.0,4.08
2023-03-03,22362.6796875,26062404610,104.5199966430664,50.0,3.97
2023-03-06,22429.7578125,17353192895,104.3499984741211,48.0,3.98
2023-03-07,22219.76953125,22765452204,105.62000274658203,49.0,3.97
2023-03-08,21718.080078125,22536575684,105.66000366210938,50.0,3.98
2023-03-09,20363.021484375,30364664171,105.30999755859375,44.0,3.93
2023-03-10,20187.244140625,39578257695,104.58000183105469,34.0,3.7
2023-03-13,24197.533203125,49466362688,103.5999984741211,49.0,3.55
2023-03-14,24746.07421875,54622230164,103.5999984741211,56.0,3.64
2023-03-15,24375.9609375,43655701450,104.6500015258789,50.0,3.51
2023-03-16,25052.7890625,33866061747,104.41999816894531,52.0,3.56
2023-03-17,27423.9296875,50730261335,103.70999908447266,51.0,3.39
2023-03-20,27767.236328125,44774027664,103.27999877929688,66.0,3.47
2023-03-21,28175.81640625,36102192830,103.26000213623047,68.0,3.59
2023-03-22,27307.4375,33382021890,102.3499984741211,62.0,3.48
2023-03-23,28333.97265625,24220433689,102.52999877929688,57.0,3.38
2023-03-24,27493.28515625,25980310960,103.12000274658203,61.0,3.38
2023-03-27,27139.888671875,18188895178,102.86000061035156,64.0,3.53
2023-03-28,27268.130859375,17783600385,102.43000030517578,59.0,3.55
2023-03-29,28348.44140625,20684945906,102.63999938964844,57.0,3.57
2023-03-30,28033.5625,22435349951,102.13999938964844,60.0,3.55
2023-03-31,28478.484375,19001327598,102.51000213623047,63.0,3.48
2023-04-03,27790.220703125,19556501327,102.08999633789062,63.0,3.43
2023-04-04,28168.08984375,15284538859,101.58999633789062,62.0,3.35
2023-04-05,28177.984375,17052315986,101.8499984741211,62.0,3.3
2023-04-06,28044.140625,13837809380,101.81999969482422,63.0,3.3
2023-04-10,29652.98046875,19282400094,102.58000183105469,62.0,3.41
2023-04-11,30235.05859375,20121259843,102.19999694824219,68.0,3.43
2023-04-12,30139.052734375,18651929926,101.5,65.0,3.41
2023-04-13,30399.06640625,17487721001,101.01000213623047,61.0,3.45
2023-04-14,30485.69921875,22659995079,101.55000305175781,68.0,3.52
2023-04-17,29445.044921875,17872186762,102.0999984741211,69.0,3.6
2023-04-18,30397.552734375,19480529496,101.75,58.0,3.58
2023-04-19,28822.6796875,24571565421,101.97000122070312,63.0,3.6
2023-04-20,28245.98828125,21340360360,101.83999633789062,52.0,3.54
2023-04-21,27276.91015625,20759504330,101.81999969482422,50.0,3.57
2023-04-24,27525.33984375,17703288330,101.3499984741211,53.0,3.52
2023-04-25,28307.59765625,17733373139,101.86000061035156,53.0,3.4
2023-04-26,28422.701171875,31854242019,101.47000122070312,56.0,3.43
2023-04-27,29473.787109375,27153445027,101.5,59.0,3.53
2023-04-28,29340.26171875,17544464887,101.66999816894531,64.0,3.44
2023-05-01,28091.568359375,18655599976,102.1500015258789,63.0,3.59
2023-05-02,28680.537109375,16432924527,101.95999908447266,55.0,3.44
2023-05-03,29006.30859375,19122972518,101.33999633789062,64.0,3.38
2023-05-04,28847.7109375,15548678514,101.4000015258789,64.0,3.37
2023-05-05,29534.384765625,17936566518,101.20999908447266,61.0,3.44
2023-05-08,27694.2734375,19122903752,101.37000274658203,60.0,3.52
2023-05-09,27658.775390625,14128593256,101.63999938964844,51.0,3.53
2023-05-10,27621.755859375,20656025026,101.4800033569336,52.0,3.43
2023-05-11,27000.7890625,16724343943,102.05999755859375,52.0,3.39
2023-05-12,26804.990234375,19313599897,102.68000030517578,49.0,3.46
2023-05-15,27192.693359375,14413231792,102.43000030517578,50.0,3.5
2023-05-16,27036.650390625,12732238816,102.55999755859375,54.0,3.54
2023-05-17,27398.802734375,15140006925,102.87999725341797,50.0,3.57
2023-05-18,26832.208984375,15222938600,103.58000183105469,51.0,3.65
2023-05-19,26890.12890625,11258983301,103.19999694824219,48.0,3.7
2023-05-22,26851.27734375,11056770492,103.19999694824219,49.0,3.72
2023-05-23,27225.7265625,13697203143,103.48999786376953,50.0,3.7
2023-05-24,26334.818359375,16299104428,103.88999938964844,50.0,3.73
2023-05-25,26476.20703125,13851122697,104.20999908447266,51.0,3.83
2023-05-26,26719.291015625,12711619225,104.20999908447266,49.0,3.8
2023-05-30,27702.349609375,13251081851,104.16999816894531,51.0,3.69
2023-05-31,27219.658203125,15656371534,104.31999969482422,51.0,3.64
2023-06-01,26819.97265625,14678970415,103.55999755859375,52.0,3.61
2023-06-02,27249.58984375,14837415000,104.0199966430664,50.0,3.69
2023-06-05,25760.09765625,21513292646,104.0,53.0,3.69
2023-06-06,27238.783203125,21929670693,104.12999725341797,44.0,3.7
2023-06-07,26345.998046875,19530045082,104.0999984741211,53.0,3.79
2023-06-08,26508.216796875,11904824295,103.33999633789062,50.0,3.73
2023-06-09,26480.375,11015551640,103.55999755859375,50.0,3.75
2023-06-12,25902.5,11677889997,103.62999725341797,47.0,3.73
2023-06-13,25918.728515625,14143474486,103.33999633789062,45.0,3.84
2023-06-14,25124.67578125,14265717766,103.01000213623047,46.0,3.83
2023-06-15,25576.39453125,15837384409,102.12000274658203,41.0,3.72
2023-06-16,26327.462890625,16324646965,102.30000305175781,47.0,3.77
2023-06-20,28327.48828125,22211859147,102.54000091552734,49.0,3.74
2023-06-21,30027.296875,33346760979,102.06999969482422,59.0,3.72
2023-06-22,29912.28125,20653160491,102.38999938964844,65.0,3.8
2023-06-23,30695.46875,24115570085,102.9000015258789,65.0,3.74
2023-06-26,30271.130859375,16493186997,102.69000244140625,55.0,3.72
2023-06-27,30688.1640625,16428827944,102.48999786376953,59.0,3.77
2023-06-28,30086.24609375,14571500779,102.91000366210938,62.0,3.71
2023-06-29,30445.3515625,13180860821,103.33999633789062,54.0,3.85
2023-06-30,30477.251953125,26387306197,102.91000366210938,56.0,3.81
2023-07-03,31156.439453125,15271884873,102.98999786376953,62.0,3.86
2023-07-05,30514.166015625,12481622280,103.37000274658203,61.0,3.95
2023-07-06,29909.337890625,21129219509,103.16999816894531,56.0,4.05
2023-07-07,30342.265625,13384770155,102.2699966430664,55.0,4.06
2023-07-10,30414.470703125,14828209155,101.97000122070312,56.0,4.01
2023-07-11,30620.951171875,12151839152,101.7300033569336,57.0,3.99
2023-07-12,30391.646484375,14805659717,100.5199966430664,64.0,3.86
2023-07-13,31476.048828125,23686079548,99.7699966430664,57.0,3.76
2023-07-14,30334.068359375,20917902660,99.91000366210938,60.0,3.83
2023-07-17,30145.888671875,13240156074,99.83999633789062,54.0,3.81
2023-07-18,29856.5625,13138897269,99.94000244140625,56.0,3.8
2023-07-19,29913.923828125,12128602812,100.27999877929688,50.0,3.75
2023-07-20,29792.015625,14655207121,100.87999725341797,56.0,3.85
2023-07-21,29908.744140625,10972789818,101.06999969482422,50.0,3.84
2023-07-24,29176.916015625,15395817395,101.3499984741211,55.0,3.86
2023-07-25,29227.390625,10266772793,101.3499984741211,50.0,3.91
2023-07-26,29354.97265625,13497554655,100.88999938964844,51.0,3.86
2023-07-27,29210.689453125,10770779217,101.7699966430664,51.0,4.01
2023-07-28,29319.24609375,11218474952,101.62000274658203,52.0,3.96
2023-07-31,29230.111328125,11656781982,101.86000061035156,50.0,3.97
2023-08-01,29675.732421875,18272392391,102.30000305175781,53.0,4.05
2023-08-02,29151.958984375,19212655598,102.58999633789062,53.0,4.08
2023-08-03,29178.6796875,12780357746,102.54000091552734,52.0,4.2
2023-08-04,29074.091796875,12036639988,102.0199966430664,54.0,4.05
2023-08-07,29180.578125,13618163710,102.05000305175781,49.0,4.09
2023-08-08,29765.4921875,17570561357,102.52999877929688,54.0,4.02
2023-08-09,29561.494140625,18379521213,102.48999786376953,50.0,4.0
2023-08-10,29429.591796875,11865344789,102.5199966430664,53.0,4.09
2023-08-11,29397.71484375,10195168197,102.83999633789062,51.0,4.16
2023-08-14,29408.443359375,14013695304,103.19000244140625,50.0,4.19
2023-08-15,29170.34765625,12640195779,103.20999908447266,53.0,4.21
2023-08-16,28701.779296875,14949271904,103.41999816894531,52.0,4.28
2023-08-17,26664.55078125,31120851211,103.44000244140625,50.0,4.3
2023-08-18,26049.556640625,24026236529,103.37999725341797,37.0,4.26
2023-08-21,26124.140625,13371557893,103.33000183105469,38.0,4.34
2023-08-22,26031.65625,14503820706,103.55999755859375,37.0,4.34
2023-08-23,26431.640625,16985265785,103.36000061035156,37.0,4.19
2023-08-24,26162.373046875,12871532023,103.9800033569336,41.0,4.23
2023-08-25,26047.66796875,12406045118,104.08000183105469,39.0,4.25
2023-08-28,26106.150390625,11002805166,104.05999755859375,39.0,4.2
2023-08-29,27727.392578125,29368391712,103.55000305175781,39.0,4.12
2023-08-30,27297.265625,16343655235,103.16000366210938,49.0,4.12
2023-08-31,25931.47265625,20181001451,103.62000274658203,52.0,4.09
2023-09-01,25800.724609375,17202862221,104.23999786376953,40.0,4.18
2023-09-05,25779.982421875,11094740040,104.80999755859375,40.0,4.27
2023-09-06,25753.236328125,12752705327,104.86000061035156,42.0,4.3
2023-09-07,26240.1953125,11088307100,105.05999755859375,41.0,4.27
2023-09-08,25905.654296875,10817356400,105.08999633789062,46.0,4.26
2023-09-11,25162.654296875,14600006467,104.56999969482422,40.0,4.29
2023-09-12,25833.34375,18657279324,104.70999908447266,30.0,4.27
2023-09-13,26228.32421875,13072077070,104.7699966430664,41.0,4.25
2023-09-14,26539.673828125,13811359124,105.41000366210938,45.0,4.29
2023-09-15,26608.693359375,11479735788,105.31999969482422,45.0,4.33
2023-09-18,26754.28125,15615339655,105.19999694824219,46.0,4.32
2023-09-19,27211.1171875,13807690550,105.19999694824219,46.0,4.37
2023-09-20,27132.0078125,13281116604,105.16000366210938,47.0,4.35
2023-09-21,26567.6328125,13371443708,105.36000061035156,47.0,4.49
2023-09-22,26579.568359375,10578746709,105.58000183105469,43.0,4.44
2023-09-25,26298.48046875,11997833257,106.0,47.0,4.55
2023-09-26,26217.25,9985498161,106.2300033569336,46.0,4.56
2023-09-27,26352.716796875,11718380997,106.66999816894531,44.0,4.61
2023-09-28,27021.546875,14079002707,106.22000122070312,46.0,4.59
2023-09-29,26911.720703125,10396435377,106.16999816894531,48.0,4.59
2023-10-02,27530.78515625,19793041322,106.9000015258789,50.0,4.69
2023-10-03,27429.978515625,11407814187,107.0,50.0,4.81
2023-10-04,27799.39453125,11143355314,106.80000305175781,49.0,4.73
2023-10-05,27415.912109375,11877253670,106.33000183105469,48.0,4.72
2023-10-06,27946.59765625,13492391599,106.04000091552734,50.0,4.78
2023-10-09,27583.677734375,12007668568,106.08000183105469,50.0,4.78
2023-10-10,27391.01953125,9973350678,105.83000183105469,50.0,4.66
2023-10-11,26873.3203125,13648094333,105.81999969482422,47.0,4.58
2023-10-12,26756.798828125,9392909295,106.56999969482422,45.0,4.7
2023-10-13,26862.375,15165312851,106.6500015258789,44.0,4.63
2023-10-16,28519.466796875,27833876539,106.23999786376953,47.0,4.71
2023-10-17,28415.748046875,14872527508,106.25,52.0,4.83
2023-10-18,28328.341796875,12724128586,106.56999969482422,50.0,4.91
2023-10-19,28719.806640625,14448058195,106.25,52.0,4.98
2023-10-20,29682.94921875,21536125230,106.16000366210938,53.0,4.93
2023-10-23,33086.234375,38363572311,105.54000091552734,53.0,4.86
2023-10-24,33901.52734375,44934999645,106.2699966430664,66.0,4.83
2023-10-25,34502.8203125,25254318008,106.52999877929688,72.0,4.95
2023-10-26,34156.6484375,19427195376,106.5999984741211,71.0,4.86
2023-10-27,33909.80078125,16418032871,106.55999755859375,70.0,4.84
2023-10-30,34502.36328125,17184860315,106.12000274658203,68.0,4.88
2023-10-31,34667.78125,15758270810,106.66000366210938,66.0,4.88
2023-11-01,35437.25390625,22446272005,106.87999725341797,66.0,4.77
2023-11-02,34938.2421875,20998158544,106.12000274658203,72.0,4.67
2023-11-03,34732.32421875,17158456701,105.0199966430664,65.0,4.57
2023-11-06,35037.37109375,12693436420,105.22000122070312,74.0,4.67
2023-11-07,35443.5625,18834737789,105.54000091552734,68.0,4.58
2023-11-08,35655.27734375,17295394918,105.58999633789062,66.0,4.49
2023-11-09,36693.125,37762672382,105.91000366210938,69.0,4.62
2023-11-10,37313.96875,22711265155,105.86000061035156,70.0,4.61
2023-11-13,36502.35546875,19057712790,105.66000366210938,72.0,4.63
2023-11-14,35537.640625,23857403554,104.11000061035156,69.0,4.44
2023-11-15,37880.58203125,27365821679,104.38999938964844,60.0,4.53
2023-11-16,36154.76953125,26007385366,104.37000274658203,70.0,4.45
2023-11-17,36596.68359375,22445028430,103.81999969482422,63.0,4.44
2023-11-20,37476.95703125,20888209068,103.47000122070312,69.0,4.42
2023-11-21,35813.8125,25172163756,103.58999633789062,71.0,4.41
2023-11-22,37432.33984375,24397247860,103.91999816894531,62.0,4.42
2023-11-24,37720.28125,22922957823,103.4000015258789,66.0,4.47
2023-11-27,37254.16796875,19002925720,103.19999694824219,66.0,4.39
2023-11-28,37831.0859375,21696137014,102.75,68.0,4.34
2023-11-29,37858.4921875,20728546658,102.7699966430664,72.0,4.27
2023-11-30,37712.74609375,18115982627,103.5,74.0,4.37
2023-12-01,38688.75,23512784002,103.2699966430664,71.0,4.22
2023-12-04,41980.09765625,39856129827,103.63999938964844,74.0,4.28
2023-12-05,44080.6484375,36312154535,104.05000305175781,75.0,4.18
2023-12-06,43746.4453125,29909761586,104.1500015258789,72.0,4.12
2023-12-07,43292.6640625,27635760671,103.54000091552734,72.0,4.14
2023-12-08,44166.6015625,24421116687,104.01000213623047,72.0,4.23
2023-12-11,41243.83203125,40632672038,104.0999984741211,74.0,4.23
2023-12-12,41450.22265625,24779520132,103.87000274658203,67.0,4.2
2023-12-13,42890.7421875,26797884674,102.87000274658203,65.0,4.04
2023-12-14,43023.97265625,25578530178,101.95999908447266,72.0,3.92
2023-12-15,41929.7578125,19639442462,102.55000305175781,70.0,3.91
2023-12-18,42623.5390625,25224642008,102.51000213623047,65.0,3.95
2023-12-19,42270.52734375,23171001281,102.16999816894531,73.0,3.93
2023-12-20,43652.25,27868908174,102.41000366210938,74.0,3.86
2023-12-21,43869.15234375,22452766169,101.83999633789062,70.0,3.89
2023-12-22,43997.90234375,21028503216,101.69999694824219,74.0,3.9
2023-12-26,42520.40234375,30026850982,101.47000122070312,71.0,3.89
2023-12-27,43442.85546875,25260941032,100.98999786376953,73.0,3.79
2023-12-28,42627.85546875,22992093014,101.2300033569336,73.0,3.84
2023-12-29,42099.40234375,26000021055,101.33000183105469,65.0,3.88
2024-01-02,44957.96875,39335274536,102.19999694824219,71.0,3.95
2024-01-03,42848.17578125,46342323118,102.45999908447266,70.0,3.91
2024-01-04,44179.921875,30448091210,102.41999816894531,68.0,3.99
2024-01-05,44162.69140625,32336029347,102.41000366210938,72.0,4.05
2024-01-08,46970.50390625,42746192015,102.20999908447266,71.0,4.01
2024-01-09,46139.73046875,39821290992,102.56999969482422,76.0,4.02
2024-01-10,46627.77734375,50114613298,102.36000061035156,73.0,4.04
2024-01-11,46368.5859375,45833734549,102.29000091552734,76.0,3.98
2024-01-12,42853.16796875,43332698900,102.4000015258789,71.0,3.96
2024-01-16,43154.9453125,24062872740,103.36000061035156,64.0,4.07
2024-01-17,42742.65234375,20851232595,103.44999694824219,60.0,4.1
2024-01-18,41262.05859375,25218357242,103.54000091552734,63.0,4.14
2024-01-19,41618.40625,25752407154,103.29000091552734,51.0,4.15
2024-01-22,39507.3671875,31338708143,103.33000183105469,55.0,4.11
2024-01-23,39845.55078125,29244553045,103.62000274658203,50.0,4.14
2024-01-24,40077.07421875,22359526178,103.23999786376953,48.0,4.18
2024-01-25,39933.80859375,18491782013,103.56999969482422,52.0,4.14
2024-01-26,41816.87109375,25598119893,103.47000122070312,49.0,4.15
2024-01-29,43288.24609375,20668476578,103.61000061035156,55.0,4.08
2024-01-30,42952.609375,23842814518,103.4000015258789,61.0,4.06
2024-01-31,42582.60546875,24673628793,103.2699966430664,60.0,3.99
2024-02-01,43075.7734375,21423953779,103.05000305175781,63.0,3.87
2024-02-02,43185.859375,18603843039,103.91999816894531,63.0,4.03
2024-02-05,42658.66796875,18715487317,104.44999694824219,60.0,4.17
2024-02-06,43084.671875,16798476726,104.18000030517578,64.0,4.09
2024-02-07,44318.22265625,21126587775,104.04000091552734,62.0,4.09
2024-02-08,45301.56640625,26154524080,104.1500015258789,66.0,4.15
2024-02-09,47147.19921875,39316770844,104.08000183105469,72.0,4.17
2024-02-12,49958.22265625,34511985805,104.16999816894531,70.0,4.17
2024-02-13,49742.44140625,35593051468,104.95999908447266,79.0,4.31
2024-02-14,51826.6953125,39105608050,104.72000122070312,74.0,4.27
2024-02-15,51938.5546875,38564360533,104.30000305175781,72.0,4.24
2024-02-16,52160.203125,28180567298,104.27999877929688,72.0,4.3
2024-02-20,52284.875,33353758256,104.08000183105469,72.0,4.27
2024-02-21,51839.1796875,28624907020,104.01000213623047,78.0,4.32
2024-02-22,51304.97265625,25413900611,103.95999908447266,74.0,4.33
2024-02-23,50731.94921875,21427078270,103.94000244140625,76.0,4.26
2024-02-26,54522.40234375,34074411896,103.83000183105469,72.0,4.28
2024-02-27,57085.37109375,49756832031,103.83000183105469,79.0,4.31
2024-02-28,62504.7890625,83239156760,103.9800033569336,82.0,4.27
2024-02-29,61198.3828125,65496611844,104.16000366210938,80.0,4.25
2024-03-01,62440.6328125,40186368423,103.86000061035156,80.0,4.19
2024-03-04,68330.4140625,70670471105,103.83000183105469,82.0,4.22
2024-03-05,63801.19921875,102802940877,103.80000305175781,90.0,4.13
2024-03-06,66106.8046875,68750229073,103.37000274658203,75.0,4.11
2024-03-07,66925.484375,46989543159,102.81999969482422,82.0,4.09
2024-03-08,68300.09375,59202881172,102.73999786376953,81.0,4.09
2024-03-11,72123.90625,65716656765,102.87000274658203,82.0,4.1
2024-03-12,71481.2890625,62554434520,102.95999908447266,81.0,4.16
2024-03-13,73083.5,48212536929,102.79000091552734,81.0,4.19
2024-03-14,71396.59375,59594605698,103.36000061035156,88.0,4.29
2024-03-15,69403.7734375,78320453976,103.43000030517578,83.0,4.31
2024-03-18,67548.59375,49261579492,103.58000183105469,77.0,4.34
2024-03-19,61912.7734375,74215844794,103.80999755859375,79.0,4.3
2024-03-20,67913.671875,66792634382,103.41000366210938,74.0,4.27
2024-03-21,65491.390625,44480350565,104.0,78.0,4.27
2024-03-22,63778.76171875,41401116964,104.43000030517578,75.0,4.22
2024-03-25,69958.8125,42700139523,104.2300033569336,75.0,4.25
2024-03-26,69987.8359375,36010437368,104.29000091552734,81.0,4.24
2024-03-27,69455.34375,40827113309,104.3499984741211,83.0,4.2
2024-03-28,70744.953125,34374900617,104.55000305175781,80.0,4.2
2024-04-01,69702.1484375,34873527352,105.0199966430664,79.0,4.33
2024-04-02,65446.97265625,50705240709,104.81999969482422,79.0,4.36
2024-04-03,65980.8125,34488018367,104.25,71.0,4.36
2024-04-04,68508.84375,34439527442,104.12000274658203,70.0,4.31
2024-04-05,67837.640625,33748230056,104.30000305175781,79.0,4.39
2024-04-08,71631.359375,37261432669,104.13999938964844,76.0,4.42
2024-04-09,69139.015625,36426900409,104.1500015258789,80.0,4.36
2024-04-10,70587.8828125,38318601774,105.25,78.0,4.55
2024-04-11,70060.609375,30153382941,105.27999877929688,76.0,4.56
2024-04-12,67195.8671875,44129299406,106.04000091552734,79.0,4.5
2024-04-15,63426.2109375,43595917654,106.20999908447266,74.0,4.63
2024-04-16,63811.86328125,42847528078,106.26000213623047,65.0,4.67
2024-04-17,61276.69140625,41915247049,105.94999694824219,67.0,4.59
2024-04-18,63512.75390625,36006307335,106.1500015258789,57.0,4.64
2024-04-19,63843.5703125,49920425401,106.1500015258789,66.0,4.62
2024-04-22,66837.6796875,28282686673,106.08000183105469,73.0,4.62
2024-04-23,66407.2734375,24310975583,105.69000244140625,71.0,4.61
2024-04-24,64276.8984375,30276655120,105.86000061035156,72.0,4.65
2024-04-25,64481.70703125,32155786816,105.5999984741211,72.0,4.7
2024-04-26,63755.3203125,24139372950,105.94000244140625,70.0,4.67
2024-04-29,63841.12109375,26635912073,105.58000183105469,67.0,4.63
2024-04-30,60636.85546875,37840840057,106.22000122070312,67.0,4.69
2024-05-01,58254.01171875,48439780271,105.76000213623047,54.0,4.63
2024-05-02,59123.43359375,32711813559,105.30000305175781,43.0,4.58
2024-05-03,62889.8359375,33172023048,105.02999877929688,48.0,4.5
2024-05-06,63161.94921875,28697928697,105.05000305175781,71.0,4.49
2024-05-07,62334.81640625,25930730982,105.41000366210938,68.0,4.47
2024-05-08,61187.94140625,26088172222,105.55000305175781,64.0,4.48
2024-05-09,63049.9609375,25453338161,105.2300033569336,55.0,4.45
2024-05-10,60792.77734375,27804954694,105.30999755859375,66.0,4.5
2024-05-13,62901.44921875,27889181179,105.22000122070312,57.0,4.48
2024-05-14,61552.7890625,28186271527,105.01000213623047,66.0,4.45
2024-05-15,66267.4921875,39815167074,104.3499984741211,64.0,4.36
2024-05-16,65231.58203125,31573077994,104.45999908447266,70.0,4.38
2024-05-17,67051.875,28031279310,104.44999694824219,74.0,4.42
2024-05-20,71448.1953125,43850655717,104.56999969482422,70.0,4.44
2024-05-21,70136.53125,46932005990,104.66000366210938,76.0,4.41
2024-05-22,69122.3359375,32802561717,104.94000244140625,76.0,4.43
2024-05-23,67929.5625,41895680979,105.11000061035156,76.0,4.47
2024-05-24,68526.1015625,29197308153,104.72000122070312,74.0,4.46
2024-05-28,68296.21875,32722265965,104.61000061035156,72.0,4.54
2024-05-29,67578.09375,26707072906,105.0999984741211,72.0,4.61
2024-05-30,68364.9921875,29509712534,104.72000122070312,73.0,4.55
2024-05-31,67491.4140625,27387283769,104.66999816894531,73.0,4.51
2024-06-03,68804.78125,32401285324,104.13999938964844,73.0,4.41
2024-06-04,70567.765625,33149696545,104.11000061035156,73.0,4.33
2024-06-05,71082.8203125,32810771409,104.2699966430664,75.0,4.29
2024-06-06,70757.1640625,25223152007,104.0999984741211,78.0,4.28
2024-06-07,69342.5859375,36188381096,104.88999938964844,77.0,4.43
2024-06-10,69512.28125,20597699541,105.1500015258789,72.0,4.47
2024-06-11,67332.03125,37116136345,105.2300033569336,74.0,4.39
2024-06-12,68241.1875,34497940694,104.6500015258789,72.0,4.31
2024-06-13,66756.3984375,28955204146,105.19999694824219,70.0,4.24
2024-06-14,66011.09375,27403884779,105.55000305175781,74.0,4.2
2024-06-17,66490.296875,30006354476,105.31999969482422,71.0,4.28
2024-06-18,65140.74609375,39481285950,105.26000213623047,74.0,4.22
2024-06-20,64828.65625,25641109124,105.58999633789062,60.0,4.25
2024-06-21,64096.19921875,26188171739,105.80000305175781,63.0,4.25
2024-06-24,60277.4140625,43152133651,105.47000122070312,51.0,4.25
2024-06-25,61804.640625,29201215431,105.61000061035156,30.0,4.23
2024-06-26,60811.27734375,22506003064,106.05000305175781,46.0,4.32
2024-06-27,61604.80078125,21231745045,105.91000366210938,40.0,4.29
2024-06-28,60320.13671875,24952866877,105.87000274658203,47.0,4.36
2024-07-01,62851.98046875,25468379421,105.9000015258789,53.0,4.48
2024-07-02,62029.015625,20151616992,105.72000122070312,51.0,4.43
2024-07-03,60173.921875,29756701685,105.4000015258789,50.0,4.36
2024-07-05,56662.375,55417544033,104.87999725341797,29.0,4.28
2024-07-08,56705.09765625,39766159899,105.01000213623047,28.0,4.28
2024-07-09,58009.2265625,27849512607,105.12000274658203,27.0,4.3
2024-07-10,57742.49609375,26175260526,105.05000305175781,28.0,4.28
2024-07-11,57344.9140625,28707803842,104.44000244140625,29.0,4.2
2024-07-12,57899.46484375,25604805221,104.08999633789062,25.0,4.18
2024-07-15,64870.15234375,38094526099,104.19000244140625,52.0,4.23
2024-07-16,65097.1484375,41617346768,104.2699966430664,65.0,4.17
2024-07-17,64118.79296875,32525071311,103.75,69.0,4.16
2024-07-18,63974.06640625,27239305337,104.16999816894531,61.0,4.2
2024-07-19,66710.15625,37003855410,104.4000015258789,60.0,4.25
2024-07-22,67585.25,42649109453,104.30999755859375,70.0,4.26
2024-07-23,65927.671875,35605668666,104.44999694824219,71.0,4.25
2024-07-24,65372.1328125,27470942309,104.38999938964844,69.0,4.28
2024-07-25,65777.2265625,38315761670,104.36000061035156,68.0,4.27
2024-07-26,67912.0625,30488630457,104.31999969482422,68.0,4.2
2024-07-29,66819.9140625,40780682628,104.55999755859375,74.0,4.17
2024-07-30,66201.015625,31380492109,104.55000305175781,67.0,4.15
2024-07-31,64619.25,31292785994,104.0999984741211,61.0,4.09
2024-08-01,65357.5,40975554494,104.41999816894531,52.0,3.99
2024-08-02,61415.06640625,43060875727,103.20999908447266,57.0,3.8
2024-08-05,53991.45703125,108991085584,102.69000244140625,26.0,3.78
2024-08-06,56034.31640625,49300484106,102.97000122070312,17.0,3.9
2024-08-07,55027.4609375,41637562185,103.19999694824219,29.0,3.96
2024-08-08,61710.13671875,45298472567,103.20999908447266,20.0,3.99
2024-08-09,60880.11328125,33425553115,103.13999938964844,48.0,3.94
2024-08-12,59354.515625,37078637820,103.13999938964844,25.0,3.9
2024-08-13,60609.56640625,30327698167,102.55999755859375,31.0,3.85
2024-08-14,58737.26953125,29961696180,102.56999969482422,30.0,3.83
2024-08-15,57560.09765625,35682112440,102.9800033569336,29.0,3.92
2024-08-16,58894.10546875,29350938673,102.45999908447266,27.0,3.89
2024-08-19,59493.453125,25911207712,101.88999938964844,28.0,3.86
2024-08-20,59012.79296875,31613400008,101.44000244140625,30.0,3.82
2024-08-21,61175.19140625,32731154072,101.04000091552734,26.0,3.79
2024-08-22,60381.9140625,27625734377,101.51000213623047,39.0,3.86
2024-08-23,64094.35546875,42530509233,100.72000122070312,34.0,3.81
2024-08-26,62880.66015625,27682040631,100.8499984741211,55.0,3.82
2024-08-27,59504.1328125,39103882198,100.55000305175781,48.0,3.83
2024-08-28,59027.625,40289564698,101.08999633789062,30.0,3.84
2024-08-29,59388.1796875,32224990582,101.33999633789062,29.0,3.87
2024-08-30,59119.4765625,32292756405,101.69999694824219,34.0,3.91
2024-09-03,57431.0234375,26666961053,101.83000183105469,26.0,3.84
2024-09-04,57971.5390625,35627680312,101.36000061035156,27.0,3.77
2024-09-05,56160.48828125,31030280656,101.11000061035156,29.0,3.73
2024-09-06,53948.75390625,49361693566,101.18000030517578,22.0,3.72
2024-09-09,57019.53515625,34618096173,101.55000305175781,26.0,3.7
2024-09-10,57648.7109375,28857630507,101.62999725341797,33.0,3.65
2024-09-11,57343.171875,37049062672,101.68000030517578,37.0,3.65
2024-09-12,58127.01171875,33835707949,101.37000274658203,31.0,3.68
2024-09-13,60571.30078125,32490528356,101.11000061035156,32.0,3.66
2024-09-16,58192.5078125,32032822113,100.76000213623047,39.0,3.63
2024-09-17,60308.5390625,38075570118,100.88999938964844,33.0,3.65
2024-09-18,61649.6796875,40990702891,100.5999984741211,45.0,3.7
2024-09-19,62940.45703125,42710252573,100.61000061035156,49.0,3.73
2024-09-20,63192.9765625,35177164222,100.72000122070312,54.0,3.73
2024-09-23,63329.80078125,31400285425,100.91999816894531,50.0,3.75
2024-09-24,64301.96875,29938335243,100.37000274658203,54.0,3.74
2024-09-25,63143.14453125,25078377700,100.91999816894531,59.0,3.79
2024-09-26,65181.01953125,36873129847,100.55999755859375,50.0,3.79
2024-09-27,65790.6640625,32058813449,100.41999816894531,61.0,3.75
2024-09-30,63329.5,37112957475,100.77999877929688,61.0,3.81
2024-10-01,60837.0078125,50220923500,101.19000244140625,50.0,3.74
2024-10-02,60632.78515625,40762722398,101.68000030517578,42.0,3.79
2024-10-03,60759.40234375,36106447279,101.98999786376953,37.0,3.85
2024-10-04,62067.4765625,29585472513,102.5199966430664,41.0,3.98
2024-10-07,62236.66015625,34253562610,102.54000091552734,50.0,4.03
2024-10-08,62131.96875,28134475157,102.55000305175781,49.0,4.04
2024-10-09,60582.1015625,27670982363,102.93000030517578,49.0,4.06
2024-10-10,60274.5,30452813570,102.98999786376953,39.0,4.09
2024-10-11,62445.08984375,30327141594,102.88999938964844,32.0,4.08
2024-10-14,66046.125,43706958056,103.30000305175781,48.0,4.08
2024-10-15,67041.109375,48863870879,103.26000213623047,65.0,4.03
2024-10-16,67612.71875,38195189534,103.58999633789062,73.0,4.02
2024-10-17,67399.8359375,32790898511,103.83000183105469,71.0,4.09
2024-10-18,68418.7890625,36857165014,103.48999786376953,73.0,4.08
2024-10-21,67367.8515625,37498611780,104.01000213623047,72.0,4.19
2024-10-22,67361.40625,31808472566,104.08000183105469,70.0,4.2
2024-10-23,66432.1953125,32263980353,104.43000030517578,71.0,4.24
2024-10-24,68161.0546875,31414428647,104.05999755859375,69.0,4.21
2024-10-25,66642.4140625,41469984306,104.26000213623047,72.0,4.25
2024-10-28,69907.7578125,38799856657,104.31999969482422,72.0,4.28
2024-10-29,72720.4921875,58541874402,104.27999877929688,72.0,4.28
2024-10-30,72339.5390625,40646637831,103.98999786376953,77.0,4.29
2024-10-31,70215.1875,40627912076,103.9800033569336,77.0,4.28
2024-11-01,69482.46875,49989795365,104.27999877929688,75.0,4.37
2024-11-04,67811.5078125,41184819348,103.88999938964844,70.0,4.31
2024-11-05,69359.5625,46046889204,103.41999816894531,70.0,4.26
2024-11-06,75639.078125,118592653963,105.08999633789062,70.0,4.42
2024-11-07,75904.859375,63467654989,104.51000213623047,77.0,4.31
2024-11-08,76545.4765625,55176858003,105.0,75.0,4.3
2024-11-11,88701.484375,117966845037,105.54000091552734,76.0,4.3
2024-11-12,87955.8125,133673285375,106.0199966430664,80.0,4.43
2024-11-13,90584.1640625,123559027869,106.4800033569336,84.0,4.44
2024-11-14,87250.4296875,87616705248,106.66999816894531,88.0,4.43
2024-11-15,91066.0078125,78243109518,106.69000244140625,80.0,4.43
2024-11-18,90542.640625,75535775084,106.27999877929688,83.0,4.42
2024-11-19,92343.7890625,74521048295,106.20999908447266,90.0,4.39
2024-11-20,94339.4921875,71730956426,106.68000030517578,83.0,4.41
2024-11-21,98504.7265625,106024505582,106.97000122070312,82.0,4.43
2024-11-22,98997.6640625,78473580551,107.48999786376953,94.0,4.41
2024-11-25,93102.296875,80909462490,106.81999969482422,82.0,4.27
2024-11-26,91985.3203125,91656519855,107.01000213623047,79.0,4.3
2024-11-27,95962.53125,71133452438,106.08000183105469,75.0,4.25
2024-11-29,97461.5234375,54968682476,105.73999786376953,78.0,4.18
2024-12-02,95865.3046875,72680784305,106.44999694824219,80.0,4.19
2024-12-03,96002.1640625,67067810961,106.37000274658203,76.0,4.23
2024-12-04,98768.53125,77199817112,106.33999633789062,78.0,4.19
2024-12-05,96593.5703125,149218945580,105.70999908447266,84.0,4.17
2024-12-06,99920.7109375,94534772658,105.97000122070312,72.0,4.15
2024-12-09,97432.71875,110676473908,106.1500015258789,78.0,4.2
2024-12-10,96675.4296875,104823780634,106.4000015258789,78.0,4.22
2024-12-11,101173.03125,85391409936,106.70999908447266,74.0,4.26
2024-12-12,100043.0,72073983533,106.95999908447266,83.0,4.32
2024-12-13,101459.2578125,56894751583,107.0,76.0,4.4
2024-12-16,106029.71875,91020417816,106.86000061035156,83.0,4.39
2024-12-17,106140.6015625,68589364868,106.95999908447266,87.0,4.4
2024-12-18,100041.5390625,93865656139,108.02999877929688,81.0,4.5
2024-12-19,97490.953125,97221662392,108.41000366210938,75.0,4.57
2024-12-20,97755.9296875,105634083408,107.62000274658203,74.0,4.52
2024-12-23,94686.2421875,65239002919,108.04000091552734,70.0,4.59
2024-12-24,98676.09375,47114953674,108.26000213623047,73.0,4.59
2024-12-26,95795.515625,47054980873,108.12999725341797,79.0,4.58
2024-12-27,94164.859375,52419934565,108.0,74.0,4.62
2024-12-30,92643.2109375,56188003691,108.12999725341797,65.0,4.55
2024-12-31,93429.203125,43625106843,108.48999786376953,64.0,4.58
2025-01-02,96886.875,46009564411,109.38999938964844,70.0,4.57
2025-01-03,98107.4296875,35611391163,108.94999694824219,74.0,4.6
2025-01-06,102078.0859375,51823432705,108.26000213623047,76.0,4.62
2025-01-07,96922.703125,58685738547,108.54000091552734,78.0,4.67
2025-01-08,95043.5234375,63875859171,109.08999633789062,70.0,4.67
2025-01-09,92484.0390625,62777261693,109.18000030517578,69.0,4.68
2025-01-10,94701.453125,62058693684,109.6500015258789,50.0,4.77
2025-01-13,94516.5234375,72978998252,109.95999908447266,61.0,4.79
2025-01-14,96534.046875,53769675818,109.2699966430664,63.0,4.78
2025-01-15,100504.4921875,57805923627,109.08999633789062,70.0,4.66
2025-01-16,99756.90625,54103781805,108.95999908447266,75.0,4.61
2025-01-17,104462.0390625,71888972663,109.3499984741211,75.0,4.61
2025-01-21,106146.265625,88733878242,108.05999755859375,76.0,4.57
2025-01-22,103653.0703125,53878181052,108.16999816894531,84.0,4.6
2025-01-23,103960.171875,104104515428,108.05000305175781,75.0,4.65
2025-01-24,104819.484375,52388229265,107.44000244140625,75.0,4.63
2025-01-27,102087.6875,89006608428,107.33999633789062,71.0,4.53
2025-01-28,101332.4765625,47180685494,107.87000274658203,72.0,4.55
2025-01-29,103703.2109375,47432049818,108.0,72.0,4.55
2025-01-30,104735.3046875,41915744521,107.80000305175781,70.0,4.52
2025-01-31,102405.0234375,45732764360,108.37000274658203,76.0,4.58
2025-02-03,101405.421875,115400897748,108.98999786376953,44.0,4.54
2025-02-04,97871.8203125,73002130211,107.95999908447266,72.0,4.52
2025-02-05,96615.4453125,49125911241,107.58000183105469,54.0,4.43
2025-02-06,96593.296875,45302471947,107.69000244140625,49.0,4.45
2025-02-07,96529.0859375,55741290456,108.04000091552734,44.0,4.49
2025-02-10,97437.5546875,40078962391,108.31999969482422,43.0,4.51
2025-02-11,95747.4296875,37488783272,107.95999908447266,47.0,4.54
2025-02-12,97885.859375,49340445530,107.94000244140625,46.0,4.62
2025-02-13,96623.8671875,37147280860,107.30999755859375,50.0,4.52
2025-02-14,97508.96875,32697987277,106.56999969482422,48.0,4.47
2025-02-18,95539.546875,37325720482,107.05000305175781,47.0,4.55
2025-02-19,96635.609375,28990872862,107.16999816894531,44.0,4.53
2025-02-20,98333.9375,31668022771,106.33999633789062,49.0,4.5
2025-02-21,96125.546875,49608706470,106.61000061035156,55.0,4.42
2025-02-24,91418.171875,44046480529,106.5999984741211,49.0,4.4
2025-02-25,88736.171875,92139104128,106.30999755859375,25.0,4.3
2025-02-26,84347.0234375,64597492134,106.41999816894531,21.0,4.25
2025-02-27,84704.2265625,52659591954,107.23999786376953,10.0,4.29
2025-02-28,84373.0078125,83610570576,107.61000061035156,16.0,4.24
2025-03-03,86065.671875,70072228536,106.75,33.0,4.16
2025-03-04,87222.1953125,68095241474,105.73999786376953,15.0,4.22
2025-03-05,90623.5625,50498988027,105.73999786376953,20.0,4.28
2025-03-06,89961.7265625,47749810486,104.05999755859375,25.0,4.29
2025-03-07,86742.671875,65945677657,103.83999633789062,34.0,4.32
2025-03-10,78532.0,54061099422,103.91000366210938,20.0,4.22
2025-03-11,82862.2109375,54702837196,103.44000244140625,24.0,4.28
2025-03-12,83722.359375,40353484454,103.61000061035156,34.0,4.32
2025-03-13,81066.703125,31412940153,103.83000183105469,45.0,4.27
2025-03-14,83969.1015625,29588112414,103.72000122070312,27.0,4.31
2025-03-17,84075.6875,25092785558,103.37000274658203,32.0,4.31
2025-03-18,82718.5,24095774594,103.23999786376953,34.0,4.29
2025-03-19,86854.2265625,34931960257,103.43000030517578,32.0,4.25
2025-03-20,84167.1953125,29028988961,103.8499984741211,49.0,4.24
2025-03-21,84043.2421875,19030452299,104.08999633789062,31.0,4.25
2025-03-24,87498.9140625,34582604933,104.26000213623047,45.0,4.34
2025-03-25,87471.703125,30005840049,104.18000030517578,46.0,4.31
2025-03-26,86900.8828125,26704046038,104.55000305175781,47.0,4.35
2025-03-27,87177.1015625,24413471941,104.06999969482422,40.0,4.38
2025-03-28,84353.1484375,34198619509,104.04000091552734,44.0,4.27
2025-03-31,82548.9140625,29004228247,104.20999908447266,34.0,4.23
2025-04-01,85169.171875,28175650319,104.26000213623047,34.0,4.17
2025-04-02,82485.7109375,47584398470,103.80999755859375,44.0,4.2
2025-04-03,83102.828125,36852112080,102.06999969482422,25.0,4.06
2025-04-04,83843.8046875,45157640207,103.0199966430664,28.0,4.01
2025-04-07,79235.3359375,91262424987,103.26000213623047,23.0,4.15
2025-04-08,76271.953125,48314590749,102.95999908447266,24.0,4.26
2025-04-09,82573.953125,84213627038,102.9000015258789,18.0,4.34
2025-04-10,79626.140625,44718000633,100.87000274658203,39.0,4.4
2025-04-11,83404.8359375,41656778779,99.77999877929688,25.0,4.48
2025-04-14,84542.390625,34090769777,99.63999938964844,31.0,4.38
2025-04-15,83668.9921875,28040322885,100.22000122070312,38.0,4.35
2025-04-16,84033.8671875,29617804112,99.37999725341797,29.0,4.29
2025-04-17,84895.75,21276866029,99.37999725341797,30.0,4.34
2025-04-21,87518.90625,41396190190,98.27999877929688,39.0,4.42
2025-04-22,93441.890625,55899038456,98.91999816894531,47.0,4.41
2025-04-23,93699.109375,41719568821,99.83999633789062,72.0,4.4
2025-04-24,93943.796875,31483175315,99.29000091552734,63.0,4.32
2025-04-25,94720.5,40915232364,99.47000122070312,60.0,4.29
2025-04-28,94978.75,32363449569,99.01000213623047,54.0,4.23
2025-04-29,94284.7890625,25806129921,99.23999786376953,60.0,4.19
2025-04-30,94207.3125,28344679831,99.47000122070312,56.0,4.17
2025-05-01,96492.3359375,32875889623,100.25,53.0,4.25
2025-05-02,96910.0703125,26421924677,100.0,67.0,4.33
2025-05-05,94748.0546875,25816260327,99.83000183105469,52.0,4.36
2025-05-06,96802.4765625,26551275827,99.23999786376953,59.0,4.3
2025-05-07,97032.3203125,76983822462,99.61000061035156,67.0,4.26
2025-05-08,103241.4609375,69895404397,100.63999938964844,65.0,4.37
2025-05-09,102970.8515625,58198593958,100.33999633789062,73.0,4.37
2025-05-12,102812.953125,63250475404,101.79000091552734,70.0,4.45
2025-05-13,104169.8125,52608876410,101.0,70.0,4.49
2025-05-14,103539.4140625,45956071155,101.04000091552734,73.0,4.53
2025-05-15,103744.640625,50408241840,100.87999725341797,70.0,4.45
2025-05-16,103489.2890625,44386499364,101.08999633789062,71.0,4.43
2025-05-19,105606.1796875,61761126647,100.43000030517578,74.0,4.46
2025-05-20,106791.0859375,36515726122,100.12000274658203,71.0,4.48
2025-05-21,109678.078125,78086364051,99.55999755859375,70.0,4.58
2025-05-22,111673.28125,70157575642,99.95999908447266,72.0,4.54
2025-05-23,107287.796875,67548133399,99.11000061035156,78.0,4.51
2025-05-26,109440.3671875,45950461571,98.93000030517578,73.0,4.51
2025-05-27,108994.640625,57450176272,99.5199966430664,74.0,4.43
2025-05-28,107802.328125,49155377493,99.87999725341797,71.0,4.47
2025-05-29,105641.7578125,56022752042,99.27999877929688,74.0,4.43
2025-05-30,103998.5703125,57655287183,99.33000183105469,60.0,4.41
2025-06-02,105881.53125,45819706290,98.69999694824219,64.0,4.46
2025-06-03,105432.46875,46196508367,99.25,64.0,4.46
2025-06-04,104731.984375,44544857105,98.79000091552734,62.0,4.37
2025-06-05,101575.953125,57479298400,98.73999786376953,57.0,4.4
2025-06-06,104390.34375,48856653697,99.19000244140625,45.0,4.51
2025-06-09,110294.1015625,55903193732,98.94000244140625,62.0,4.49
2025-06-10,110257.234375,54700101509,99.05000305175781,71.0,4.47
2025-06-11,108686.625,50842662052,98.62999725341797,72.0,4.41
2025-06-12,105929.0546875,54843867968,97.91999816894531,71.0,4.36
2025-06-13,106090.96875,69550440846,98.18000030517578,61.0,4.41
2025-06-16,106796.7578125,50366626945,98.0,61.0,4.46
2025-06-17,104601.1171875,55964092176,98.81999969482422,68.0,4.39
2025-06-18,104883.328125,47318089133,98.91000366210938,52.0,4.38
2025-06-20,103309.6015625,50951862476,98.70999908447266,54.0,4.38
2025-06-23,105577.7734375,65237759656,98.41999816894531,47.0,4.34
2025-06-24,106045.6328125,48822986421,97.86000061035156,65.0,4.3
2025-06-25,107361.2578125,51624120283,97.68000030517578,66.0,4.29
2025-06-26,106960.0,43891990613,97.1500015258789,74.0,4.26
2025-06-27,107088.4296875,45353692675,97.4000015258789,65.0,4.29
2025-06-30,107135.3359375,42064804590,96.87999725341797,66.0,4.24
2025-07-01,105698.28125,44110692247,96.81999969482422,64.0,4.26
2025-07-02,108859.3203125,56248657737,96.77999877929688,63.0,4.3
2025-07-03,109647.9765625,50494742270,97.18000030517578,73.0,4.35
2025-07-07,108299.8515625,45415696597,97.4800033569336,73.0,4.4
2025-07-08,108950.2734375,44282204127,97.51000213623047,65.0,4.42
2025-07-09,111326.5546875,57927418065,97.47000122070312,66.0,4.34
2025-07-10,115987.203125,95911605728,97.6500015258789,71.0,4.35
2025-07-11,117516.9921875,86928361085,97.8499984741211,71.0,4.43
2025-07-14,119849.703125,181746419401,98.08000183105469,74.0,4.43
2025-07-15,117777.1875,98321661181,98.62000274658203,73.0,4.5
2025-07-16,118738.5078125,72162029070,98.38999938964844,70.0,4.46
2025-07-17,119289.84375,72363841798,98.7300033569336,74.0,4.47
2025-07-18,118003.2265625,77945799785,98.4800033569336,73.0,4.44
2025-07-21,117439.5390625,69820091744,97.8499984741211,71.0,4.38
2025-07-22,119995.4140625,79217583118,97.38999938964844,72.0,4.35
2025-07-23,118754.9609375,66608604537,97.20999908447266,74.0,4.4
2025-07-24,118368.0,72627318560,97.37999725341797,71.0,4.43
2025-07-25,117635.8828125,104857024569,97.6500015258789,70.0,4.4
2025-07-28,117924.4765625,64822943193,98.66000366210938,75.0,4.42
2025-07-29,117922.1484375,68463107433,98.91000366210938,73.0,4.34
2025-07-30,117831.1875,68896148592,99.94000244140625,74.0,4.38
2025-07-31,115758.203125,69370346018,100.02999877929688,72.0,4.37
2025-08-01,113320.0859375,91294530181,98.69000244140625,65.0,4.23
2025-08-04,115071.8828125,35783028986,98.77999877929688,64.0,4.22
2025-08-05,114141.4453125,61039182286,98.77999877929688,60.0,4.22
2025-08-06,115028.0,56379133510,98.18000030517578,54.0,4.22
2025-08-07,117496.8984375,64051649681,98.4000015258789,62.0,4.23
2025-08-08,116688.7265625,59713005166,98.18000030517578,74.0,4.27
2025-08-11,118731.4453125,90528784177,98.5199966430664,70.0,4.27
2025-08-12,120172.90625,72803657984,98.0999984741211,68.0,4.29
2025-08-13,123344.0625,90904808795,97.83999633789062,73.0,4.24
2025-08-14,118359.578125,104055627395,98.25,75.0,4.29
2025-08-15,117398.3515625,68665353159,97.8499984741211,60.0,4.33
2025-08-18,116252.3125,72787808090,98.16999816894531,60.0,4.34
2025-08-19,112831.1796875,71657600353,98.2699966430664,56.0,4.3
2025-08-20,114274.7421875,67993811526,98.22000122070312,44.0,4.29
2025-08-21,112419.03125,57817883700,98.62000274658203,50.0,4.33
2025-08-22,116874.0859375,82528088240,97.72000122070312,50.0,4.26
2025-08-25,110124.3515625,85706860190,98.43000030517578,47.0,4.28
2025-08-26,111802.65625,69396320317,98.2300033569336,48.0,4.26
2025-08-27,111222.0625,62137056409,98.2300033569336,51.0,4.24
2025-08-28,112544.8046875,58860155962,97.80999755859375,48.0,4.22
2025-08-29,108410.8359375,77843379644,97.7699966430664,50.0,4.23
2025-09-02,111200.5859375,74776999491,98.4000015258789,49.0,4.28
2025-09-03,111723.2109375,61119643565,98.13999938964844,55.0,4.22
2025-09-04,110723.6015625,60131132901,98.3499984741211,51.0,4.17
2025-09-05,110650.984375,60241647677,97.7699966430664,48.0,4.1
2025-09-08,112071.4296875,40212813407,97.44999694824219,51.0,4.05
2025-09-09,111530.546875,45984480722,97.79000091552734,48.0,4.08
2025-09-10,113955.359375,56377473784,97.77999877929688,49.0,4.04
2025-09-11,115507.5390625,45685065332,97.54000091552734,54.0,4.01
2025-09-12,116101.578125,54785725894,97.55000305175781,57.0,4.06
2025-09-15,115444.875,52937859416,97.30000305175781,53.0,4.05
2025-09-16,116843.1875,45781744593,96.62999725341797,52.0,4.04
2025-09-17,116468.5078125,60528025996,96.87000274658203,53.0,4.06
2025-09-18,117137.203125,49457272032,97.3499984741211,52.0,4.11
2025-09-19,115688.859375,38828473971,97.63999938964844,53.0,4.14
2025-09-22,112748.5078125,70684158591,97.33000183105469,45.0,4.15
2025-09-23,112014.5,47211853279,97.26000213623047,43.0,4.12
2025-09-24,113328.6328125,48044595085,97.87000274658203,44.0,4.16
2025-09-25,109049.2890625,75528654284,98.55000305175781,44.0,4.18
2025-09-26,109712.828125,57738288949,98.1500015258789,28.0,4.2
2025-09-29,114400.3828125,60000147466,97.91000366210938,50.0,4.15
2025-09-30,114056.0859375,58986330258,97.7699966430664,50.0,4.16
2025-10-01,118648.9296875,71328680132,97.70999908447266,49.0,4.12
2025-10-02,120681.2578125,71415163912,97.8499984741211,64.0,4.1
2025-10-03,122266.53125,83941392228,97.72000122070312,63.0,4.13
2025-10-06,124752.53125,72568881188,98.11000061035156,71.0,4.18
2025-10-07,121451.3828125,76149412513,98.58000183105469,70.0,4.14
2025-10-08,123354.8671875,65354305286,98.8499984741211,60.0,4.13
2025-10-09,121705.5859375,74653009425,99.54000091552734,70.0,4.14
2025-10-10,113214.3671875,153125018868,98.9800033569336,64.0,4.05
2025-10-13,115271.078125,71582026739,99.2699966430664,38.0,4.05
2025-10-14,113118.6640625,92212917403,99.05000305175781,38.0,4.03
2025-10-15,110783.1640625,72574132855,98.79000091552734,34.0,4.05
2025-10-16,108186.0390625,87306423067,98.38999938964844,28.0,3.99
2025-10-17,106467.7890625,99703051669,98.43000030517578,22.0,4.02
2025-10-20,110588.9296875,63507793085,98.58999633789062,29.0,4.0
2025-10-21,108476.890625,101194375480,98.93000030517578,34.0,3.98
2025-10-22,107688.5859375,80807013218,98.9000015258789,25.0,3.97
2025-10-23,110069.7265625,54944076060,98.94000244140625,27.0,4.01
2025-10-24,111033.921875,48160816980,98.94999694824219,30.0,4.02
2025-10-27,114119.328125,61761358733,98.77999877929688,51.0,4.01
2025-10-28,112956.1640625,64528066504,98.69000244140625,50.0,3.99
2025-10-29,110055.3046875,62192043469,99.22000122070312,51.0,4.08
2025-10-30,108305.546875,69673964814,99.52999877929688,34.0,4.11
2025-10-31,109556.1640625,60090359560,99.80000305175781,29.0,4.11
2025-11-03,106547.5234375,72852006359,99.87000274658203,42.0,4.13
2025-11-04,101590.5234375,110967184773,100.22000122070312,21.0,4.1
2025-11-05,103891.8359375,77584934804,100.19999694824219,23.0,4.17
2025-11-06,101301.2890625,63932752861,99.7300033569336,27.0,4.11
2025-11-07,103372.40625,92168030081,99.5999984741211,24.0,4.11
2025-11-10,105996.59375,69585887229,99.62000274658203,29.0,4.13
2025-11-11,102997.46875,71130078574,99.45999908447266,26.0,4.13
2025-11-12,101663.1875,64347179408,99.4800033569336,24.0,4.08
2025-11-13,99697.4921875,101546815416,99.18000030517578,15.0,4.11
2025-11-14,94397.7890625,114346441890,99.2699966430664,16.0,4.14
2025-11-17,92093.875,94186165724,99.58999633789062,14.0,4.13
2025-11-18,92948.875,101333569062,99.55000305175781,11.0,4.12
2025-11-19,91465.9921875,80350354656,100.2300033569336,15.0,4.13
2025-11-20,86631.8984375,97970645638,100.16000366210938,11.0,4.1
2025-11-21,85090.6875,129157506112,100.18000030517578,14.0,4.06
2025-11-24,88270.5625,74433896110,100.13999938964844,19.0,4.04
2025-11-25,87341.890625,64837343545,99.66000366210938,20.0,4.01
2025-11-26,90518.3671875,66496301869,99.5999984741211,15.0,4.0
2025-11-28,90919.265625,60895830289,99.45999908447266,25.0,4.02
2025-12-01,86321.5703125,87962894424,99.41000366210938,24.0,4.09
2025-12-02,91350.203125,78546798211,99.36000061035156,23.0,4.09
2025-12-03,93527.8046875,77650204986,98.8499984741211,28.0,4.06
2025-12-04,92141.625,64538402681,98.98999786376953,26.0,4.11
2025-12-05,89387.7578125,63256398633,98.98999786376953,28.0,4.14
2025-12-08,90640.203125,57394099056,99.08999633789062,20.0,4.17
2025-12-09,92691.7109375,66861721440,99.22000122070312,22.0,4.18
2025-12-10,92020.9453125,65420694513,98.79000091552734,26.0,4.13
2025-12-11,92511.3359375,64532834621,98.3499984741211,29.0,4.14
2025-12-12,90270.4140625,80275884583,98.4000015258789,29.0,4.19
2025-12-15,86419.78125,45559514323,98.1500015258789,16.0,4.18
2025-12-16,87843.984375,41262178223,98.1500015258789,11.0,4.15
2025-12-17,86143.7578125,44243392914,98.37000274658203,16.0,4.16
2025-12-18,85462.5078125,52667115348,98.43000030517578,17.0,4.12
2025-12-19,88103.3828125,46733310561,98.5999984741211,16.0,4.16
2025-12-22,88490.015625,38047472118,98.29000091552734,25.0,4.17
2025-12-23,87414.0,43683011533,97.94000244140625,24.0,4.18
2025-12-24,87611.9609375,25550297986,97.9800033569336,24.0,4.15
2025-12-26,87301.4296875,42455674908,98.0199966430664,20.0,4.14
2025-12-29,87138.140625,48411625849,98.04000091552734,24.0,4.12
2025-12-30,88430.1328125,35586356225,98.23999786376953,23.0,4.14
2025-12-31,87508.828125,33830210616,98.27999877929688,21.0,4.18
2026-01-02,89944.6953125,46398906171,98.41999816894531,28.0,4.19
2026-01-05,93882.5546875,53376407252,98.2699966430664,26.0,4.17
2026-01-06,93729.03125,52430605257,98.58000183105469,44.0,4.18
2026-01-07,91308.0546875,43461295053,98.68000030517578,42.0,4.15
2026-01-08,91027.125,42386697030,98.93000030517578,28.0,4.19
2026-01-09,90513.1015625,38305906684,99.12999725341797,27.0,4.18
2026-01-12,91192.9921875,41346275358,98.86000061035156,27.0,4.19
2026-01-13,95321.78125,54980674354,99.12999725341797,26.0,4.18
2026-01-14,96929.328125,60592490863,99.12999725341797,48.0,4.15
2026-01-15,95551.1875,53086363027,99.31999969482422,61.0,4.17
2026-01-16,95525.1171875,33248170537,99.38999938964844,49.0,4.24
2026-01-20,88310.90625,53072968031,98.63999938964844,32.0,4.3
2026-01-21,89376.9609375,56330422434,98.76000213623047,24.0,4.26
2026-01-22,89462.453125,35549685694,98.36000061035156,20.0,4.26
2026-01-23,89503.875,38997586037,97.5999984741211,24.0,4.24
2026-01-26,88267.140625,45329286974,97.04000091552734,20.0,4.22
2026-01-27,89102.5703125,38744942267,96.22000122070312,29.0,4.24
2026-01-28,89184.5703125,39807419296,96.44999694824219,29.0,4.26
2026-01-29,84561.5859375,64653083162,96.27999877929688,26.0,4.24
2026-01-30,84128.65625,72083816087,96.98999786376953,16.0,4.26
2026-02-02,78688.765625,75140589684,97.61000061035156,14.0,4.29
2026-02-03,75633.546875,68249110822,97.44000244140625,17.0,4.28
2026-02-04,73019.703125,67215363944,97.62000274658203,14.0,4.29
2026-02-05,62702.09765625,125509410908,97.81999969482422,12.0,4.21
2026-02-06,70555.390625,114674259489,97.62999725341797,9.0,4.22
2026-02-09,70120.78125,52081598792,96.81999969482422,14.0,4.22
2026-02-10,68793.9609375,40593063077,96.80000305175781,9.0,4.16
2026-02-11,66991.96875,49671946030,96.83000183105469,11.0,4.18
2026-02-12,66221.84375,44651071271,96.93000030517578,5.0,4.09
2026-02-13,68857.84375,40820775886,96.87999725341797,9.0,4.04
2026-02-17,67494.21875,34866936040,97.16000366210938,10.0,4.05
2026-02-18,66425.3203125,33094301643,97.69999694824219,8.0,4.09
2026-02-19,66957.5234375,31492987019,97.93000030517578,9.0,4.08
2026-02-20,68005.421875,47507867304,97.80000305175781,7.0,4.08
2026-02-23,64616.73828125,50953457309,97.69999694824219,5.0,4.03
2026-02-24,64080.04296875,40849331086,97.87999725341797,8.0,4.04
2026-02-25,67960.125,53629234355,97.69999694824219,11.0,4.05
2026-02-26,67453.7734375,42988597523,97.79000091552734,11.0,4.02
2026-02-27,65881.796875,40283655942,97.61000061035156,13.0,3.97
2026-03-02,68775.8515625,56698092052,98.37999725341797,10.0,4.05
2026-03-03,68293.6484375,47947999049,99.05000305175781,14.0,4.06
2026-03-04,72710.578125,75073101274,98.7699966430664,10.0,4.09
2026-03-05,70841.125,51172841727,99.31999969482422,22.0,4.13
2026-03-06,68136.4921875,43776962871,98.98999786376953,18.0,4.15
2026-03-09,68402.3828125,49499875378,99.18000030517578,8.0,4.12
2026-03-10,69926.921875,54003996096,98.83000183105469,13.0,4.15
2026-03-11,70204.8828125,45236859848,99.2300033569336,15.0,4.21
2026-03-12,70493.4609375,40871848129,99.73999786376953,18.0,4.27
2026-03-13,70968.265625,61167226505,100.36000061035156,15.0,4.28
2026-03-16,74861.0859375,55572438409,99.70999908447266,23.0,4.23
2026-03-17,73922.4765625,49500721728,99.58000183105469,28.0,4.2
2026-03-18,71245.578125,46229011155,100.08999633789062,26.0,4.26
2026-03-19,69912.7890625,44631433398,99.2300033569336,23.0,4.25
2026-03-20,70522.5859375,38299078407,99.6500015258789,11.0,4.39
2026-03-23,70914.859375,51508669357,98.94999694824219,8.0,4.34
2026-03-24,70517.859375,40181522399,99.43000030517578,11.0,4.39
2026-03-25,71309.8828125,35409791747,99.5999984741211,14.0,4.33
2026-03-26,68791.625,38962070215,99.9000015258789,10.0,4.42
2026-03-27,66338.375,46483453594,100.1500015258789,13.0,4.44
2026-03-30,66691.4453125,37694994180,100.51000213623047,8.0,4.35
2026-03-31,68233.3125,42997691338,99.95999908447266,11.0,4.3
2026-04-01,68078.5546875,36465393617,99.6500015258789,8.0,4.33
2026-04-02,66888.5703125,39323384518,100.02999877929688,12.0,4.31
2026-04-06,68859.828125,39542143229,99.9800033569336,13.0,4.34
2026-04-07,71940.703125,44650511480,99.63999938964844,11.0,4.33
2026-04-08,71123.359375,42444631703,99.12999725341797,17.0,4.29
2026-04-09,71767.828125,38799581473,98.81999969482422,14.0,4.29
2026-04-10,72979.046875,37722595732,98.6500015258789,16.0,4.31
2026-04-13,74484.640625,52278211554,98.37000274658203,12.0,4.3
2026-04-14,74181.609375,53540826530,98.12000274658203,21.0,4.26
2026-04-15,74805.078125,38090174312,98.05999755859375,23.0,4.29
2026-04-16,75152.1328125,41312783855,98.22000122070312,23.0,4.32
2026-04-17,77126.875,54137194839,98.0999984741211,21.0,4.26
2026-04-20,75872.5234375,39674447916,98.05000305175781,29.0,4.26
2026-04-21,76352.7734375,36453522626,98.41000366210938,33.0,4.3
2026-04-22,78203.1015625,48336654537,98.58999633789062,32.0,4.3
2026-04-23,78268.953125,40354900916,98.80000305175781,46.0,4.34
2026-04-24,77455.3125,32784213526,98.51000213623047,39.0,4.31
2026-04-27,77366.625,38135631927,98.4800033569336,47.0,4.35
2026-04-28,76350.671875,32056900880,98.62000274658203,33.0,4.36
2026-04-29,75776.1328125,41460907886,98.91999816894531,26.0,4.42
2026-04-30,76304.3203125,29497862305,98.08000183105469,29.0,4.4
2026-05-01,78179.0,39164328894,98.20999908447266,26.0,4.39
2026-05-04,79827.90625,54325085296,98.47000122070312,40.0,4.45
2026-05-05,80927.0546875,39700107376,98.4800033569336,50.0,4.43
2026-05-06,81427.53125,41751540000,98.0199966430664,46.0,4.36
2026-05-07,80009.9921875,36931193154,98.25,47.0,4.41
2026-05-08,80186.765625,33789351540,97.83999633789062,38.0,4.41
