Date,btc_close,btc_volume,dxy_close,fear_greed_value,dgs10,btc_log_return,btc_volume_log_change,btc_4w_vol,dxy_log_return,dgs10_change,btc_momentum_4w,btc_drawdown_12w,btc_sma_4,btc_sma_12,btc_ma_spread_4_12,btc_price_vs_sma12,next_week_up
2018-04-22,8845.830078125,34563419648,90.31999969482422,24.8,2.96,0.11359493905272267,0.12574450773885104,0.17793705801885848,0.005773907170484982,0.14000000000000012,-0.0038126061252119494,-0.20210079318393503,7635.9525146484375,8857.371704101562,-0.1378986035877353,-0.001303053136092025,1
2018-04-29,8987.0498046875,45223940096,91.54000091552734,44.6,2.96,0.01583846015216217,0.2688307075767504,0.11019078305736595,0.013417128764309005,0.0,0.2264788496164215,-0.18936268869675454,8091.2899169921875,8870.396687825521,-0.08783223549659802,0.01315083428253927,1
2018-05-06,9700.759765625,42370229248,92.56999969482422,55.6,2.95,0.07641957827512691,-0.06518061952115417,0.06624692098704091,0.01118906655552987,-0.009999999999999787,0.3796466422969043,-0.12498561987457535,8857.39990234375,8950.711629231771,-0.010425062358536796,0.08379759816456112,0
2018-05-13,8441.490234375,37432000000,92.54000091552734,55.0,2.97,-0.13904534771960897,-0.12392002168063954,0.11137386410351977,-0.00032411841024870824,0.020000000000000018,0.06680762976040246,-0.23857249089493615,8993.782470703125,8801.344116210938,0.0218646552107582,-0.04088624158816079,0
2018-05-20,8250.9697265625,32456800256,93.63999938964844,36.0,3.06,-0.022828125022837042,-0.14261597132090031,0.09080008003767241,0.011816642732476623,0.08999999999999986,-0.06961543431515732,-0.25575755557775337,8845.0673828125,8630.499959309896,0.02486152882384829,-0.0439754631292234,0
2018-05-27,7480.14013671875,27700170240,94.19000244140625,29.8,2.93,-0.098079209386297,-0.1584714232202309,0.09468036617937046,0.005856408650095624,-0.1299999999999999,-0.183533103853616,-0.22891192881356548,8468.339965820312,8329.978271484375,0.016610090666092647,-0.10202165084569736,1
2018-06-03,7541.4501953125,20633790464,94.19000244140625,25.75,2.89,0.008162970455614982,-0.29450851328614647,0.06755586006882588,0.0,-0.040000000000000036,-0.25178971167312914,-0.22259179924897154,7928.5125732421875,8180.303304036458,-0.030780121645370806,-0.07809650632498244,1
2018-06-10,7624.919921875,23360549376,93.55000305175781,37.4,2.93,0.011007323267195446,0.12411862975507049,0.050796468040486494,-0.006817959412966701,0.040000000000000036,-0.1017370406863234,-0.2139873467546135,7724.3699951171875,8120.850830078125,-0.04882257330629025,-0.06106883608381142,0
2018-06-17,6456.580078125,23546099712,94.79000091552734,19.2,2.93,-0.16632204244717386,0.007911513929816039,0.08647888502565287,0.01316784278165617,0.0,-0.2452309581106591,-0.33442531985957125,7275.7725830078125,7918.930826822917,-0.08121781309625864,-0.18466517522096015,0
2018-06-24,6083.68994140625,20593809920,94.5199966430664,31.6,2.9,-0.059488367794561015,-0.1339696481023367,0.08309562467440669,-0.002852511320313944,-0.03000000000000025,-0.20664011651892536,-0.3728645911875862,6926.6600341796875,7828.7633056640625,-0.11522934546146113,-0.222905367824221,1
2018-07-01,6218.2998046875,19510820096,94.62999725341797,18.2,2.85,0.021885115940756705,-0.05402135291869925,0.08659805864829674,0.0011631046925923982,-0.04999999999999982,-0.1929179710337821,-0.358988372568273,6595.8724365234375,7793.928304036458,-0.15371656253144517,-0.2021610204616514,1
2018-07-08,6673.5,18382439936,94.04000091552734,32.25,2.82,0.07064793384389922,-0.05957333077304483,0.1036520828866313,-0.006254288088330284,-0.03000000000000025,-0.13327736045707902,-0.31206419278129194,6358.0174560546875,7692.056640625,-0.17343075420488818,-0.1324166849273538,0
2018-07-15,6238.0498046875,18990990080,94.75,33.4,2.83,-0.06747685769889777,0.032568802751836046,0.06649733679609564,0.00752161055515721,0.010000000000000231,-0.03443217570880364,-0.35695244956047056,6303.3848876953125,7474.741617838542,-0.15670865830971004,-0.16544943977724458,1
2018-07-22,7354.1298828125,26839660032,94.45999908447266,41.6,2.89,0.1645944420091876,0.34591598517602407,0.0968206327326149,-0.0030653891867871152,0.06000000000000005,0.1896506340949456,-0.24190165920074314,6620.994873046875,7338.664957682292,-0.09779300305624972,0.0021073213206195263,1
2018-07-29,8165.009765625,28350539776,94.68000030517578,49.4,2.96,0.10459587821425842,0.054765424155018394,0.09837123970469287,0.0023263330932685733,0.06999999999999984,0.2723613963684482,-0.03275256632106627,7107.67236328125,7210.685791015625,-0.014286217805070334,0.13234857297463232,0
2018-08-05,7434.39013671875,24477810000,95.13999938964844,43.0,2.95,-0.09374137190494913,-0.14687907685236468,0.1270927563147947,0.004846696719819299,-0.009999999999999787,0.10797209061960009,-0.09896771130003301,7297.8948974609375,7126.7607828776045,0.024012888856111303,0.043165382312289724,0
2018-08-12,6184.7099609375,22468850000,96.36000061035156,22.6,2.87,-0.18403643975382167,-0.08563708732066999,0.16398175487059924,0.01274169949191073,-0.08000000000000007,-0.008587491435325008,-0.24253489726670474,7284.5599365234375,6954.5724690755205,0.04744899401296809,-0.11069875417379316,1
2018-08-19,6580.6298828125,23602540000,96.0999984741211,19.0,2.87,0.062050356829054465,0.049224427821538796,0.13461035578742278,-0.0027018839825325713,0.0,-0.11113157661545688,-0.19404506893338935,7091.1849365234375,6879.61328125,0.030753422703288402,-0.04345933211861808,1
2018-08-26,6719.9599609375,19234390000,95.1500015258789,20.6,2.82,0.02095172869658235,-0.2046545106805695,0.11174626288933902,-0.009934690319493455,-0.050000000000000266,-0.1947757261331346,-0.17698078093809688,6729.9224853515625,6811.15576171875,-0.011926503989785231,-0.01338918150922408,1
2018-09-02,7037.580078125,21783720000,95.13999938964844,19.0,2.86,0.04618217585201023,0.12446307914015975,0.11480307178457565,-0.00010512518988470276,0.040000000000000036,-0.054852178376175474,-0.13808062940065569,6630.719970703125,6762.210774739583,-0.019444943143098303,0.04072178649238012,0
2018-09-09,6467.06982421875,19862250000,95.37000274658203,18.5,2.94,-0.08454125276627167,-0.09234195656720345,0.06600754742006396,0.0024146078012083905,0.08000000000000007,0.044643008611376066,-0.20795320399427342,6701.3099365234375,6763.0849202473955,-0.009134142843455262,-0.04376924133281723,1
2018-09-16,6512.7099609375,19915370000,94.9800033569336,18.0,2.99,0.007032526833876673,0.0026708501703893717,0.056984029707379626,-0.004097713925485635,0.050000000000000266,-0.010374821383802661,-0.20236348174912722,6684.3299560546875,6798.836588541667,-0.01684209217205801,-0.042084645494552264,1
2018-09-23,6734.9501953125,23402260000,94.22000122070312,25.0,3.07,0.033554768686540726,0.16134080347497104,0.05903150142495637,-0.008033892236783302,0.07999999999999963,0.0022282186061560747,-0.17514486955460906,6688.0775146484375,6841.890787760417,-0.022481106156669317,-0.015630268848959794,0
2018-09-30,6644.1298828125,22962030000,95.19000244140625,40.2,3.05,-0.013576674481573292,-0.018990616719403164,0.05059474626153215,0.010242433683155916,-0.020000000000000018,-0.05753063172742778,-0.18626798086824858,6589.7149658203125,6839.443277994792,-0.036512959026643976,-0.028556914246323672,0
2018-10-07,6622.47998046875,19377450000,95.62000274658203,34.0,3.23,-0.0032638212453246496,-0.16973196331918672,0.02024335223613018,0.004507112010953662,0.18000000000000016,0.02374679979351994,-0.1889195272797295,6628.5675048828125,6871.4791259765625,-0.035350703486162094,-0.03623661528221922,0
2018-10-14,6274.580078125,20313060000,95.22000122070312,23.4,3.15,-0.05396335624484294,0.04715401008271769,0.03599107012634373,-0.0041920153356942436,-0.08000000000000007,-0.03724908328519993,-0.23152816001014231,6569.0350341796875,6781.5166422526045,-0.03133246134781098,-0.07475268304572302,1
2018-10-21,6465.41015625,23036940000,95.70999908447266,23.4,3.2,0.02995988982893394,0.1258349855666303,0.03458111297605945,0.005132760055984953,0.050000000000000266,-0.040843962142807846,-0.13033752098681495,6501.6500244140625,6639.8833414713545,-0.020818636404937307,-0.026276543765705984,1
2018-10-28,6474.75,17350280000,96.36000061035156,25.6,3.08,0.0014435440147728684,-0.28349036991615506,0.03490777721479927,0.006768407438570989,-0.1200000000000001,-0.025823743646461228,-0.07997494477888101,6459.3050537109375,6559.913330078125,-0.015336830123331757,-0.01298238647264427,0
2018-11-04,6388.43994140625,20196520000,96.54000091552734,32.4,3.22,-0.013419898844336586,0.15190166774683433,0.03496750603951455,0.0018662556349990922,0.14000000000000012,-0.03597982124547291,-0.09223911195504264,6400.7950439453125,6576.8908284505205,-0.026774928928947284,-0.028653491742490766,0
2018-11-11,6385.6201171875,22828180000,96.91000366210938,46.0,3.19,-0.0004414922509550223,0.12248542535880702,0.018285117831518233,0.0038253108194785668,-0.03000000000000025,0.01754204274841505,-0.09263979289756086,6428.5550537109375,6560.6400146484375,-0.02013293834787211,-0.02667725969877288,0
2018-11-18,5575.5498046875,28509970000,96.47000122070312,41.6,3.08,-0.13565767354784342,0.22225811296484466,0.06609030907224749,-0.004550658699055354,-0.10999999999999988,-0.14807552062836182,-0.20774616518850664,6206.0899658203125,6465.2725016276045,-0.040088416341622746,-0.1376156529699437,0
2018-11-25,4347.10986328125,26459460000,96.91999816894531,19.0,3.05,-0.24887970711455587,-0.07464010034636814,0.11668191272533929,0.004653785219721485,-0.03000000000000025,-0.3983987717576903,-0.35454461618634947,5674.179931640625,6241.066650390625,-0.09083170401881846,-0.30346684200061114,0
2018-12-02,4017.2685546875,32307264484,97.2699966430664,15.8,3.01,-0.07890901736135447,0.19967836125099936,0.104519451548986,0.0036047053139576235,-0.040000000000000036,-0.46388789027470995,-0.4035191889787836,5081.3870849609375,6036.9165445963545,-0.15828104506276663,-0.334549595805932,0
2018-12-09,3419.937255859375,22831588790,96.51000213623047,13.25,2.85,-0.16098000301628979,-0.3471470612427723,0.07073006154609758,-0.007843930315994285,-0.1599999999999997,-0.6244264010400439,-0.4922104608524591,4339.966369628906,5779.185485839844,-0.24903494095098888,-0.40823196205781886,0
2018-12-16,3242.48486328125,22573234876,97.44000244140625,14.4,2.89,-0.05328223569345347,-0.011380143401890308,0.08844299100429111,0.009590176963214958,0.040000000000000036,-0.5420509631856537,-0.5119775018743784,3756.7001342773438,5488.146708170573,-0.315488390883485,-0.40918400405478506,1
2018-12-23,3896.543701171875,34264407495,96.95999908447266,24.6,2.79,0.18374996075964134,0.4173422261236617,0.14804389455474845,-0.004938316138384913,-0.10000000000000009,-0.10942129531145628,-0.411618651522738,3644.05859375,5259.1811930338545,-0.30710533446217725,-0.2590968901521944,1
2018-12-30,3923.918701171875,23329293133,96.38999938964844,25.25,2.72,0.007000893400238795,-0.38439734609934106,0.14425489280936682,-0.005896057414911837,-0.06999999999999984,-0.023511384549862336,-0.3939659907839106,3620.7211303710938,5034.301086425781,-0.2807897127698994,-0.2205633644455397,0
2019-01-06,3857.717529296875,19284878328,96.19000244140625,34.25,2.67,-0.017015128204484142,-0.1903885044578537,0.10537917407598149,-0.00207702791816633,-0.050000000000000266,0.12045349026194245,-0.40419050476128426,3730.1661987304688,4832.8958740234375,-0.2281716188465973,-0.20177929964684216,0
2019-01-13,3687.365478515625,28063980828,95.66999816894531,35.2,2.71,-0.04516345433024327,0.3751656505486487,0.10329505558465876,-0.005420676994807749,0.040000000000000036,0.12857227162515344,-0.43050071763147224,3841.3863525390625,4601.392150878906,-0.16516866492126214,-0.19864133340356438,0
2019-01-20,3657.83935546875,27050416047,96.33999633789062,24.8,2.79,-0.008039607539842564,-0.03678454719710089,0.021937740258502786,0.0069788126389305205,0.08000000000000007,-0.06321729667433135,-0.4274283879917683,3781.7102661132812,4366.649597167969,-0.13395609563772992,-0.16232359064462698,0
2019-01-27,3599.765869140625,21276095790,95.79000091552734,33.0,2.76,-0.016003826060844162,-0.24011820671364603,0.01624244353765309,-0.005725258237277764,-0.03000000000000025,-0.08622201613541444,-0.43626996234061666,3700.6720581054688,4134.260091145833,-0.10487681555617678,-0.12928413070815536,0
2019-02-03,3487.9453125,30015327581,95.58000183105469,23.6,2.7,-0.031555979829196446,0.34412399142796346,0.01651248344122197,-0.0021946926451397175,-0.05999999999999961,-0.10076286776012683,-0.37442127957181914,3608.22900390625,3892.7871907552085,-0.07309882942605794,-0.103997947593089,1
2019-02-10,3666.7802734375,28783050253,96.63999938964844,23.4,2.63,0.05000114014696244,-0.04192148954746244,0.03563152373493503,0.011029115563469638,-0.07000000000000028,-0.005598273282920074,-0.1565015863965833,3603.0827026367188,3733.7230631510415,-0.03498930110903031,-0.017929232720609423,0
2019-02-17,3620.810791015625,31559341438,96.91999816894531,44.6,2.66,-0.012615991137437277,0.09208294776993142,0.03598749157361684,0.0028931491851098556,0.03000000000000025,-0.010174656880515569,-0.09868838945538583,3593.8255615234375,3673.1981404622397,-0.02160857538951433,-0.014262053786192497,1
2019-02-24,4005.526611328125,34228653959,96.51000213623047,61.0,2.65,0.10097708417030127,0.0811934995627368,0.06055172637283789,-0.004239225002036662,-0.010000000000000231,0.10680625335063035,0.0,3695.2657470703125,3672.2196451822915,0.006275796143691004,0.09076444176837573,0
2019-03-03,3859.583740234375,41612340520,96.52999877929688,41.4,2.76,-0.03711572200377056,0.19533364205237902,0.06237123158808223,0.00020717616082777113,0.10999999999999988,0.1012465111760565,-0.0364353767319896,3788.1753540039062,3708.8568522135415,0.021386239736652435,0.04063971569322655,1
2019-03-10,3901.131591796875,48601398195,97.37000274658203,44.6,2.62,0.010707324448370414,0.15525552954551358,0.06024456893194885,0.008664354983665135,-0.13999999999999968,0.061952695477463224,-0.026062745217072858,3846.76318359375,3763.7440795898438,0.022057584747620096,0.03650288364505472,1
2019-03-17,3960.9111328125,49279973998,96.5999984741211,55.2,2.59,0.015207420052162135,0.013865491650076223,0.0574599090288434,-0.00793945777572258,-0.03000000000000025,0.08977610666706451,-0.011138480116309024,3931.7882690429688,3769.1080322265625,0.043161468290497496,0.05088819395623201,1
2019-03-24,4023.96826171875,49251939161,96.6500015258789,57.0,2.44,0.01579446267482787,-0.0005690509167557423,0.025610409771730715,0.000517496019391217,-0.1499999999999999,0.004593485171588888,0.0,3936.398681640625,3777.4454956054688,0.04207954455466689,0.06526176655628158,1
2019-03-31,4098.37451171875,52237211088,97.27999877929688,46.4,2.41,0.018321889023091842,0.05884635634894764,0.0031694354044867782,0.006497184227495012,-0.029999999999999805,0.060031096198452226,0.0,3996.0963745117188,3797.500244140625,0.052296541831042376,0.07922955845555535,1
2019-04-07,5036.68115234375,89461869196,97.4000015258789,62.6,2.5,0.20615692911423267,0.5380173949767943,0.0948674594482294,0.0012328206450868961,0.08999999999999986,0.25548070086431396,0.0,4279.9837646484375,3909.9432169596353,0.09464090068718312,0.28817245490850474,1
2019-04-14,5089.5390625,77611631259,96.97000122070312,59.6,2.56,0.010439905339410416,-0.14209518868069182,0.09570885066405055,-0.004424561409680727,0.06000000000000005,0.25071318615156196,0.0,4562.1407470703125,4029.2515258789062,0.13225513914154718,0.2631475175503748,1
2019-04-21,5298.3857421875,49603785853,97.47000122070312,58.75,2.57,0.04021492822310613,-0.44765014481590626,0.09244452668176795,0.005142985968086933,0.009999999999999787,0.275133651699841,0.0,4880.7451171875,4170.8031819661455,0.17021707912064143,0.2703514193853196,0
2019-04-28,5279.34814453125,79659364603,98.01000213623047,58.6,2.51,-0.003599564597816851,0.47369244286012346,0.09697209916362357,0.005524885204130747,-0.06000000000000005,0.25321219807893164,-0.0035930939313584265,5175.988525390625,4320.086751302083,0.19812143212878097,0.22204678944006018,1
2019-05-05,5768.28955078125,74659224395,97.5199966430664,49.6,2.54,0.08857296561247985,-0.06482551642168133,0.040766018015573606,-0.005012085327146032,0.03000000000000025,0.13562823457718018,0.0,5358.890625,4495.2125244140625,0.1921328737840966,0.28320730542837436,1
2019-05-12,6378.84912109375,85288706916,97.33000183105469,65.8,2.47,0.10061209430742224,0.13310796825103566,0.04779017771223724,-0.0019501654987363892,-0.06999999999999984,0.22580042354519128,0.0,5681.2181396484375,4725.049051920573,0.20236172730084445,0.3500069631025233,1
2019-05-19,7343.8955078125,152287079814,98.0,74.6,2.39,0.14088173243649926,0.5797253693249473,0.06105563162074547,0.006860193419320204,-0.08000000000000007,0.3264672277585853,0.0,6192.5955810546875,5003.2464599609375,0.2377154774628143,0.4678260538598047,1
2019-05-26,7987.37158203125,124066357382,97.61000061035156,67.8,2.32,0.0839923172295034,-0.20495085986793526,0.025878556685912775,-0.003987525230737532,-0.07000000000000028,0.4140591095859046,0.0,6869.6014404296875,5347.228780110677,0.2847031093903374,0.49374038599970427,1
2019-06-02,8574.501953125,102312118741,97.75,69.0,2.14,0.07093116788956877,-0.19278843393821887,0.03038489043819987,0.0014332454256402727,-0.17999999999999972,0.3964173118629929,0.0,7571.154541015625,5736.6763102213545,0.319780676404154,0.49468115149661385,0
2019-06-09,8043.951171875,106991200756,96.61000061035156,39.2,2.09,-0.06387250833492786,0.044718466447317695,0.08672774332253325,-0.011730937018371357,-0.050000000000000266,0.23193270922064274,-0.061875405026485475,7987.4300537109375,6076.9296468098955,0.3143858030187934,0.3236867364587146,1
2019-06-16,8693.8330078125,93331557985,97.56999969482422,59.4,2.09,0.07769352286902098,-0.13658830242417253,0.07090661513040697,0.009887804144992351,0.0,0.16874449965316565,0.0,8324.914428710938,6466.085042317708,0.2874736991901594,0.3445280955810437,1
2019-06-23,10144.556640625,85428804828,96.22000122070312,82.8,2.07,0.1543233454369073,-0.08847495573902009,0.09068926679668196,-0.013932817034204348,-0.020000000000000018,0.23907552786057007,0.0,8864.210693359375,6969.9335530598955,0.27177836429557733,0.4554739386534614,1
2019-06-30,12407.33203125,164322303060,96.12999725341797,83.2,2.0,0.20135032064099967,0.654146424791179,0.11596270612532568,-0.0009358354517061684,-0.06999999999999984,0.3694946806120005,0.0,9822.418212890625,7584.154459635417,0.29512370365974916,0.6359545546289469,0
2019-07-07,10978.4599609375,115029459051,97.25,68.5,2.04,-0.1223524230314812,-0.35664150056379995,0.1428069785085052,0.011583568992370452,0.040000000000000036,0.31101476591544797,-0.11516352320657175,10556.04541015625,8074.897867838542,0.30726673983083486,0.35957880094849703,1
2019-07-14,11815.986328125,137408067712,96.80999755859375,67.2,2.12,0.07351822048631718,0.17776683381751823,0.1428228233849622,-0.004534712985109657,0.08000000000000007,0.30683946353274183,-0.04766098800576901,11336.583740234375,8618.03125,0.3154493655652937,0.3710772200002175,0
2019-07-21,10530.732421875,120019618784,97.1500015258789,30.2,2.05,-0.11515550870322144,-0.13529987575111946,0.15687450737084244,0.003505922016424634,-0.07000000000000028,0.0373606093926131,-0.1512492455790222,11433.127685546875,9055.646606445312,0.2625412830718683,0.1628912743105282,0
2019-07-28,9870.3037109375,81902732803,98.01000213623047,33.6,2.08,-0.06476725537035755,-0.382122861425362,0.09082619899915798,0.008813344547263569,0.03000000000000025,-0.22875696661874348,-0.20447815162216643,10798.87060546875,9397.481119791666,0.14912394798279216,0.050313758029270295,1
2019-08-04,10518.1748046875,78907209043,98.0999984741211,38.0,1.86,0.06357407051356745,-0.03725976481614879,0.09388568826347019,0.0009178149398616497,-0.21999999999999997,-0.042830473073694364,-0.1522613581875888,10683.79931640625,9742.424926757812,0.09662629137258527,0.07962595388331617,1
2019-08-11,11862.9365234375,107527666823,97.48999786376953,59.2,1.74,0.1203142672589621,0.3094755872059842,0.10949709654741442,-0.0062375642881198345,-0.1200000000000001,0.003965573698951976,-0.043876919424848615,10695.536865234375,10119.011678059896,0.05697445615410279,0.17234142037396727,0
2019-08-18,10374.3388671875,93446862244,98.13999938964844,29.6,1.55,-0.13408362142104124,-0.14035522375554876,0.11638217339988464,0.006645237713688523,-0.18999999999999995,-0.014962539018868551,-0.16385417581652983,10656.4384765625,10317.925618489584,0.03280822818360951,0.005467499067528081,1
2019-08-25,10407.96484375,83288964288,97.63999938964844,23.6,1.52,0.00323602295241443,-0.11507689763489637,0.10924398491324905,-0.005107785168846135,-0.030000000000000027,0.05304073930390443,-0.16114400601710743,10790.853759765625,10470.714192708334,0.03057475938749543,-0.005992843258202152,0
2019-09-01,9598.173828125,81446196393,98.91999816894531,29.4,1.5,-0.0809985092526535,-0.022373423576123486,0.11095141779256065,0.013024184869037114,-0.020000000000000018,-0.09153184046231946,-0.22641114109380256,10560.853515625,10600.232747395834,-0.0037149402951088817,-0.09453178464567302,1
2019-09-08,10353.302734375,70215397049,98.38999938964844,42.0,1.55,0.07573271943730475,-0.14837501711906853,0.09247230045607412,-0.005372257468471808,0.050000000000000044,-0.13611338828397684,-0.16554963562686753,10183.445068359375,10738.521891276041,-0.05169024457338112,-0.0358726425108834,1
2019-09-15,10360.546875,77364245033,98.26000213623047,39.4,1.9,0.000699449021494658,0.09695710522111511,0.0640487364736525,-0.0013221181931912795,0.34999999999999987,-0.0013303178414400304,-0.164965775969791,10179.9970703125,10756.521077473959,-0.053597627244816315,-0.03681247864639048,0
2019-09-22,10181.6416015625,81305920908,98.51000213623047,37.8,1.74,-0.01741876695765221,0.04969411841297244,0.06449617488675607,0.0025410390719118325,-0.15999999999999992,-0.02198510775150657,-0.14172670641483076,10123.416259765625,10571.046875,-0.04234496550128819,-0.03683696402467229,0
2019-09-29,8251.845703125,97559686895,99.11000061035156,26.2,1.69,-0.21014935872709906,0.1822455221856032,0.12178065123599341,0.006072263023937374,-0.050000000000000044,-0.1511359572259505,-0.30440109100964163,9786.834228515625,10343.829020182291,-0.053848027706170476,-0.20224457625658088,0
2019-10-06,8205.939453125,72354809677,98.80999755859375,34.2,1.52,-0.005578681289220455,-0.29888243520336744,0.10163633499693012,-0.003031561078159939,-0.16999999999999993,-0.232447357952476,-0.3082708116230246,9249.993408203125,10042.991780598959,-0.0789603725383653,-0.18291883211761406,1
2019-10-13,8321.7568359375,90209990744,98.30000305175781,36.6,1.76,0.014015175081599551,0.22055825428265052,0.10438557564669723,-0.005174731300312985,0.24,-0.21913163189237145,-0.2985078509443022,8740.2958984375,9858.910481770834,-0.11346229234981464,-0.15591516412239848,0
2019-10-20,7973.20751953125,76408092341,97.27999877929688,39.2,1.76,-0.04278652974111097,-0.1660515718065163,0.10210451902989835,-0.010430652528958362,0.0,-0.2444993946758318,-0.3278892200275494,8188.1873779296875,9700.819132486979,-0.15592825037750202,-0.17808925095512262,1
2019-10-27,8660.7001953125,99588780018,97.83000183105469,30.6,1.8,0.0827087123011978,0.26496089656633615,0.0526444825873306,0.005637891516525606,0.040000000000000036,0.04835867635246542,-0.26993622715576115,8290.401000976562,9546.029581705729,-0.131534117926419,-0.09274320583396245,1
2019-11-03,9261.1044921875,137989911824,97.23999786376953,51.6,1.73,0.06702774389149724,0.3261310719371018,0.056869508099179684,-0.006049169706752622,-0.07000000000000006,0.12096510153318349,-0.11019064425944824,8554.192260742188,9329.210245768229,-0.08307434012194037,-0.007300269989265362,0
2019-11-10,8804.880859375,122536182122,98.3499984741211,50.4,1.94,-0.05051710632220008,-0.11877422912586155,0.07052174346309341,0.011350401841001556,0.20999999999999996,0.056432820129382624,-0.15402473090958357,8674.973266601562,9198.422078450521,-0.05690637017790923,-0.04278355741007844,0
2019-11-17,8491.9921875,99002631723,98.0,39.2,1.84,-0.0361825869802459,-0.2132599177926977,0.06880212885402515,-0.0035650506497129086,-0.09999999999999987,0.06303676289024981,-0.18035290125551406,8804.66943359375,9038.757690429688,-0.02589827771174702,-0.06049122253920003,0
2019-11-24,7296.57763671875,120183944082,98.2699966430664,30.4,1.77,-0.15171820251956447,0.1938770036482218,0.08949607629017818,0.0027512795434532222,-0.07000000000000006,-0.17139015193051413,-0.29573431549975493,8463.638793945312,8846.9580078125,-0.04332779849623891,-0.17524445913777964,1
2019-12-01,7761.24365234375,107515845024,98.2699966430664,22.25,1.78,0.061737164493926855,-0.11138520421194187,0.08734420011581136,0.0,0.010000000000000009,-0.17668073132808304,-0.2508847509708555,8088.673583984375,8630.953084309896,-0.06282961974516166,-0.10076632597472701,0
2019-12-08,7546.99658203125,90464318931,97.69999694824219,26.0,1.84,-0.027992905419855774,-0.17268272527132922,0.0875244991259026,-0.005817230401294893,0.06000000000000005,-0.15415653042573782,-0.2587642663759576,7774.2025146484375,8396.490559895834,-0.07411287380225628,-0.10117250437010228,0
2019-12-15,7269.6845703125,88524360320,97.16999816894531,24.6,1.82,-0.037436777659907605,-0.021677735016321975,0.08751548905250041,-0.005439524805210816,-0.020000000000000018,-0.15541072110540066,-0.21503049917587325,7468.6256103515625,8153.827473958333,-0.08403438333655766,-0.10843286867052382,0
2019-12-22,7218.81640625,122952012541,97.70999908447266,21.2,1.92,-0.007021895937716849,0.3285163653136607,0.04478541395018044,0.005541895578889289,0.09999999999999987,-0.010714414523552361,-0.2205231662875996,7449.185302734375,8067.74169921875,-0.07667032727935175,-0.10522464955105804,1
2019-12-29,7290.08837890625,96387781176,96.91999816894531,33.75,1.88,0.009824662439880782,-0.2434146950075906,0.0212164513213662,-0.008118021530518327,-0.040000000000000036,-0.06262691657759942,-0.212827326907278,7331.396484375,7991.4207763671875,-0.08259160798340881,-0.08776066447845776,1
2020-01-05,7344.88427734375,92955642281,96.83999633789062,38.75,1.8,0.007488384950919524,-0.03625702764760064,0.021750080381522863,-0.0008257828021154268,-0.07999999999999985,-0.027145626206825445,-0.20691054900203731,7280.868408203125,7910.014729817708,-0.0795379456428752,-0.07144493048080347,1
2020-01-12,8166.55419921875,136476686500,97.36000061035156,43.4,1.83,0.10604300305875469,0.3840313905171442,0.05184469289783964,0.005355360694514033,0.030000000000000027,0.11633415451183667,-0.11818787855078117,7505.0858154296875,7926.126953125,-0.05312066538743876,0.03033350935654111,1
2020-01-19,8929.0380859375,175113650696,97.61000061035156,53.6,1.84,0.08926161468273364,0.24928139051591103,0.05184523884646865,0.002564498491545386,0.010000000000000009,0.21261766513228797,-0.03585602630119611,7932.6412353515625,7948.488444010417,-0.001993738654900601,0.12336303296332729,0
2020-01-26,8445.4345703125,96866216368,97.8499984741211,47.5,1.7,-0.05568266412204714,-0.5921043818689427,0.07518649350740736,0.002455724808188897,-0.14000000000000012,0.14711033857035985,-0.05416076300387107,8221.477783203125,7880.515950520833,0.04326643519575102,0.07168548650096085,1
2020-02-02,9350.529296875,155539963481,97.38999938964844,54.6,1.51,0.1018069431655988,0.4735718846652084,0.07768738435385267,-0.0047121485420023035,-0.18999999999999995,0.24142889678504006,0.0,8722.889038085938,7925.986653645833,0.10054298843331289,0.17973063865479744,1
2020-02-09,9795.943359375,168200882974,98.68000030517578,57.0,1.59,0.046535406067791385,0.07825629859493333,0.0714715626535563,0.013158765047714738,0.08000000000000007,0.18192129979407817,0.0,9130.236328125,8034.649251302083,0.1363577976531294,0.21921232066072882,1
2020-02-16,10312.1162109375,213173246829,99.12000274658203,59.6,1.59,0.05135117800159428,0.2369462034281895,0.06603766119133476,0.004448970276816233,0.0,0.14401086311293698,0.0,9476.005859375,8285.944132486979,0.14362415529958827,0.2445312261407171,0
2020-02-23,9686.44140625,180118851413,99.26000213623047,47.75,1.46,-0.06259242054412262,-0.16848828187607268,0.06924780122231723,0.0014114266503062467,-0.13000000000000012,0.1371011066908615,-0.060673754241043265,9786.257568359375,8446.377278645834,0.15863372491080074,0.14681609484095648,0
2020-03-01,8672.455078125,228091452677,98.12999725341797,42.0,1.13,-0.11057519447356512,0.23612973813915517,0.0806853225754741,-0.011449589451675735,-0.33000000000000007,-0.07528103094830235,-0.15900336063643272,9616.739013671875,8540.165486653646,0.12606003112008435,0.01549028431335353,1
2020-03-08,9122.5458984375,200516036846,95.94999694824219,39.2,0.74,0.05059700061852013,-0.12885242894711624,0.08179982205763862,-0.022465911581183384,-0.3899999999999999,-0.07121943639757436,-0.11535656582673959,9448.3896484375,8694.570597330729,0.08669997473345004,0.049223282083437514,0
2020-03-15,5563.70703125,255970828725,98.75,14.8,0.94,-0.4944843023255068,0.2441692598763865,0.23666451212412412,0.028764213133231742,0.19999999999999996,-0.6170549167246738,-0.46046893601248606,8261.287353515625,8556.644816080729,-0.03451790613185557,-0.3497793643609025,1
2020-03-22,6198.7783203125,227313178281,102.81999969482422,9.8,0.92,0.10808760918971494,-0.11873478103679602,0.2715216085183206,0.04038847987806893,-0.019999999999999907,-0.446374886990837,-0.39888397361757877,7389.37158203125,8465.702311197916,-0.12714015796928757,-0.26777742797391624,1
2020-03-29,6469.79833984375,209209330569,98.37000274658203,12.2,0.72,0.04279271200882917,-0.08299337427055775,0.28232703054122904,-0.044243976213702574,-0.20000000000000007,-0.29300698050844093,-0.37260226635328375,6838.7073974609375,8392.778483072916,-0.1851676520173059,-0.22912318573730417,1
2020-04-05,6733.38720703125,196871697630,100.58000183105469,12.4,0.62,0.03993337721823664,-0.06078309689005579,0.28081404784675795,0.022217541503178673,-0.09999999999999998,-0.3036706039087262,-0.3470411824985532,6241.417724609375,8273.347900390625,-0.2455995082335789,-0.18613513077174793,1
2020-04-12,7302.08935546875,163518776010,99.5199966430664,18.75,0.73,0.08108220352982087,-0.18562441377077477,0.0326664988068075,-0.01059485368915336,0.10999999999999999,0.27189590194660157,-0.29189225508108396,6676.0133056640625,8137.7688395182295,-0.1796260821216329,-0.10269147484151853,0
2020-04-19,7096.1845703125,184314719674,99.77999877929688,14.4,0.65,-0.028603265139645728,0.11971690776959676,0.045637197729411,0.0026091549393223445,-0.07999999999999996,0.13520502761724085,-0.31185952280231644,6900.3648681640625,8025.3313395182295,-0.14017695017956733,-0.11577674863471832,1
2020-04-26,7550.90087890625,181723317915,100.37999725341797,18.0,0.6,0.06210962271063991,-0.014159430378626325,0.04787307176184065,0.005995206665996733,-0.050000000000000044,0.15452193831905062,-0.26776417910249883,7170.6405029296875,7875.3623046875,-0.08948436586064801,-0.04119955542719944,1
2020-05-03,8864.7666015625,240584176387,98.80000305175781,32.8,0.64,0.1604177332465433,0.28058473495868697,0.0776247584997873,-0.015865321222883644,0.040000000000000036,0.2750062943473587,-0.1403542764422956,7703.4853515625,7797.764241536458,-0.012090502745871867,0.1368343959852525,1
2020-05-10,9842.666015625,251132594474,99.7300033569336,46.0,0.69,0.10464199981609568,0.04291103041045119,0.07973732220300006,0.009368932431936372,0.04999999999999993,0.29856609063363293,0.0,8338.629516601562,7758.643391927083,0.07475354844610571,0.2686065744259307,0
2020-05-17,9328.197265625,249406430322,100.4000015258789,40.8,0.64,-0.0536848338431426,-0.006897248404531098,0.09078365849581815,0.006695654381631222,-0.04999999999999993,0.2734845219301375,-0.052269247903290905,8896.632690429688,7728.789713541667,0.15110295663004458,0.20694152789291187,0
2020-05-24,9182.5771484375,186764602785,99.86000061035156,48.6,0.66,-0.0157338767140196,-0.2892348008280585,0.10040677451404299,-0.0053930112710904865,0.020000000000000018,0.19564102250547688,-0.06706403185271392,9304.5517578125,7771.299886067708,0.1972967063712967,0.18160118423687566,1
2020-05-31,9439.1240234375,129588439007,98.33999633789062,41.75,0.65,0.02755528136680674,-0.3654854405068484,0.0679548150991543,-0.015338386440008733,-0.010000000000000009,0.06277857062573954,-0.040999256862610856,9448.14111328125,7797.681396484375,0.21166031707078892,0.21050393616917695,1
2020-06-07,9665.533203125,148775046157,96.94000244140625,52.2,0.91,0.023703097869953282,0.13807183303163129,0.03815886630320504,-0.014338569142582358,0.26,-0.01816033132040079,-0.01799642619375741,9403.85791015625,8139.500244140625,0.15533603146284047,0.1874848471296402,0
2020-06-14,9480.84375,123768464651,97.31999969482422,49.8,0.71,-0.019292964123398093,-0.184022808158673,0.025000253407068303,0.003912259177580424,-0.20000000000000007,0.01623153839934212,-0.036760595660831674,9442.01953125,8413.005696614584,0.12231227123137378,0.12692705697502582,0
2020-06-21,9288.0185546875,105845257966,97.62000274658203,38.6,0.7,-0.020548073371973175,-0.1564344026072888,0.02635009956143956,0.0030779038149200133,-0.010000000000000009,0.011417341741388944,-0.056351344245249235,9468.3798828125,8647.857381184896,0.09488159499632953,0.07402540829308757,0
2020-06-28,9162.91796875,94029673325,97.5,42.4,0.64,-0.013560558600579142,-0.11836779088615401,0.020973532391558115,-0.0012300405906433554,-0.05999999999999994,-0.0296984982259959,-0.06906137481409158,9399.328369140625,8850.318277994791,0.06203280762352681,0.03532072869429448,0
2020-07-05,9123.41015625,64506811973,97.31999969482422,42.25,0.68,-0.004321028661602,-0.3768395759160974,0.007394287659980111,-0.001847863224276658,0.040000000000000036,-0.05772262475755291,-0.07307530888818115,9263.797607421875,9002.095011393229,0.029071299036216525,0.013476323533936574,1
2020-07-12,9278.8076171875,86292013859,96.6500015258789,42.4,0.65,0.016889394178628336,0.29096622430452257,0.01626898095078994,-0.006908293337509086,-0.030000000000000027,-0.021540266455527073,-0.057287161582277424,9213.28857421875,9183.980265299479,0.0031912425846567505,0.010325300049512709,0
2020-07-19,9151.392578125,81108129475,95.94000244140625,42.8,0.64,-0.013826986977765188,-0.06195385828089783,0.01442330542832347,-0.0073731999208783705,-0.010000000000000009,-0.01481918006131866,-0.07023233709267585,9179.132080078125,9317.354573567709,-0.014834950457043417,-0.017812136924951316,1
2020-07-26,9536.892578125,83056608313,94.44000244140625,49.2,0.59,0.041261644799035935,0.023739206955465164,0.02447836701912895,-0.015758283452425026,-0.050000000000000044,0.040003023338295654,-0.031066119384178248,9272.625732421875,9373.365071614584,-0.010747403779009734,0.017445976472806768,1
2020-08-02,11323.466796875,134761268114,93.48999786376953,71.2,0.55,0.17170957319302538,0.48398242547153814,0.08164048476656242,-0.010110282215316957,-0.039999999999999925,0.2160336251929247,0.0,9822.639892578125,9496.76513671875,0.03431429030495847,0.1923498827083132,1
2020-08-09,11601.47265625,112466218163,93.44000244140625,75.6,0.57,0.02425476314974162,-0.1808519351053448,0.08060066648527214,-0.0005349106454151098,0.019999999999999907,0.22339899416403936,0.0,10403.30615234375,9686.204752604166,0.07403326876264815,0.19773151121247023,1
2020-08-16,11768.87109375,129978601781,93.0999984741211,78.0,0.71,0.01432595962269545,0.1447169416676708,0.073395351321042,-0.0036453773146361,0.14,0.25155194076449866,0.0,11057.67578125,9901.729248046875,0.11674188459870649,0.1885672491066568,0
2020-08-23,11592.4892578125,122711434760,93.25,80.2,0.64,-0.015100592168870719,-0.05753429501990581,0.08362809924001305,0.0016098906305810345,-0.06999999999999995,0.19518970379659156,-0.014987149959622692,11571.574951171875,10081.176350911459,0.14783975087646062,0.1499143407767487,0
2020-08-30,11542.5,112497225309,92.37000274658203,75.6,0.74,-0.004321535234270257,-0.08690698278240205,0.01778076920966126,-0.009481778184839307,0.09999999999999998,0.019158595369295935,-0.019234733046759045,11626.333251953125,10237.590250651041,0.13565135615910884,0.12746258810914757,0
2020-09-06,10511.8134765625,139527280821,92.72000122070312,70.4,0.72,-0.09353615767238566,0.21533158616231773,0.04750040545720931,0.003781931857888665,-0.020000000000000018,-0.09863232545283206,-0.10681208139454224,11353.91845703125,10323.50439453125,0.0998124302679475,0.01824080998415667,0
2020-09-13,10400.9150390625,157166785203,93.33000183105469,39.5,0.67,-0.010605930924464602,0.11904742403033097,0.04199671909644226,0.006557406999823989,-0.04999999999999993,-0.12356421599999143,-0.11623511242416185,11011.929443359375,10416.245768229166,0.05718794356284462,-0.001471809470301344,1
2020-09-20,10944.5859375,163226734755,92.93000030517578,45.2,0.7,0.05095111225559101,0.03783267740141838,0.059579828305726314,-0.004295094343619077,0.029999999999999916,-0.05751251157552952,-0.07003944130951922,10849.95361328125,10564.718098958334,0.026998876037311437,0.03595626830583587,0
2020-09-27,10692.716796875,162788420774,94.58000183105469,43.0,0.66,-0.02328206254231091,-0.0026889194423098672,0.05926645318720044,0.01759953172240092,-0.039999999999999925,-0.07647303888357006,-0.0914407412828665,10637.5078125,10695.49365234375,-0.005421520663615453,-0.0002596285462842518,0
2020-10-04,10575.974609375,227200453051,93.83999633789062,44.6,0.7,-0.010977954186692784,0.3333813553354332,0.03347543486472269,-0.007854891255396623,0.039999999999999925,0.006085164602123449,-0.10136031526494516,10653.548095703125,10803.590901692709,-0.013888234694824919,-0.02106857751176472,1
2020-10-11,11064.4580078125,214074643762,93.05999755859375,45.2,0.79,0.045153107400023984,-0.05950792407698202,0.03804038425762032,-0.008346745138435807,0.09000000000000008,0.061844202926611976,-0.05985392144464796,10819.433837890625,10963.013020833334,-0.013096689994790744,0.009253385614555798,1
2020-10-18,11322.123046875,124631533442,93.68000030517578,53.8,0.76,0.02302061377179676,-0.5409631051122226,0.031325106242963786,0.006640302365354955,-0.030000000000000027,0.033913704442816946,-0.03796014446213547,10913.818115234375,11111.7822265625,-0.017815693944657762,0.018929530477089784,1
2020-10-25,12931.5390625,161896038747,92.7699966430664,63.8,0.85,0.13291061255541337,0.2615927413836836,0.06142580697824445,-0.009761447067474727,0.08999999999999997,0.19010637954054035,0.0,11473.523681640625,11245.788248697916,0.020250731020929225,0.14990063626685024,1
2020-11-01,13546.5224609375,186159640163,94.04000091552734,69.4,0.88,0.04646065338151928,0.13965019294540326,0.04855562050587983,0.013596957927750175,0.030000000000000027,0.24754498710875272,0.0,12216.16064453125,11407.875732421875,0.07085323605096616,0.1874710751307942,1
2020-11-08,15565.880859375,176451935457,92.2300033569336,75.6,0.83,0.13895152516927745,-0.05355606711690086,0.059252196117848065,-0.01943473976233623,-0.050000000000000044,0.34134340487800635,0.0,13341.516357421875,11724.293212890625,0.13793779421629826,0.327660488929143,1
2020-11-15,16317.80859375,155271679159,92.76000213623047,88.4,0.89,0.047175668569426676,-0.12787216755008046,0.05150926223511619,0.005730041771940364,0.06000000000000005,0.3654984596756378,0.0,14590.437744140625,12118.06982421875,0.20402324427778806,0.3465682926779148,1
2020-11-22,18621.314453125,193576345418,92.38999938964844,89.4,0.83,0.13204979979684417,0.22049563323888322,0.05127916602143305,-0.003996794340579868,-0.06000000000000005,0.36463764691706757,0.0,16012.881591796875,12707.971028645834,0.2600659503945386,0.4653255355358876,0
2020-11-29,17108.40234375,176807529333,91.79000091552734,89.5,0.84,-0.08473715501316725,-0.09061024859742517,0.10412663054443871,-0.006515371871251396,0.010000000000000009,0.23343983852238023,-0.08124625751761072,16903.3515625,13257.686767578125,0.27498498484949896,0.2904515428429686,1
2020-12-06,18699.765625,200552541713,90.69999694824219,91.8,0.97,0.08894128239965937,0.12601452982617545,0.09370525836628212,-0.011946045730784505,0.13,0.1834295957527626,0.0,17686.82275390625,13949.257649739584,0.2679400723691159,0.34055632884156406,0
2020-12-13,18058.904296875,146475792819,90.9800033569336,91.6,0.9,-0.03487211437316695,-0.3142160877743869,0.10193884302151356,0.00308241556497979,-0.06999999999999995,0.1013818128101692,-0.034271088792055426,18122.0966796875,14542.117513020834,0.24618004657583037,0.24183457331473757,1
2020-12-20,23137.9609375,205391494350,90.0199966430664,93.0,0.95,0.24783572337877757,0.33805770838811,0.14825551239413357,-0.010607908465535942,0.04999999999999993,0.21716773639210282,0.0,19251.25830078125,15579.22119140625,0.23570094193158742,0.4851808478246187,1
2020-12-27,23735.94921875,182251268279,90.33000183105469,89.75,0.94,0.025516144202057944,-0.11953155659035275,0.12165402011966782,0.0034378208586671732,-0.010000000000000009,0.3274210356073288,0.0,20908.14501953125,16675.8857421875,0.2537951712296016,0.4233696240015361,1
2021-01-03,29001.720703125,192365097219,89.94000244140625,92.25,0.93,0.20036441924955817,0.05400878451822777,0.13575656194671049,-0.0043268429450842305,-0.009999999999999898,0.43884417245722707,0.0,23483.6337890625,18170.657633463543,0.29239316830308026,0.5960743572491674,1
2021-01-10,40797.609375,396869894448,90.0999984741211,93.2,1.13,0.34126832312667155,0.7242133907915758,0.13245579092890805,0.001777339191505689,0.19999999999999984,0.8149846099570646,0.0,29168.31005859375,20626.948160807293,0.4140875243006461,0.9778790859870601,0
2021-01-17,36825.3671875,398834909201,90.77999877929688,84.6,1.11,-0.10243655249713512,0.004939064684776895,0.1947347781056356,0.007518835902591725,-0.019999999999999796,0.46471233408115314,-0.09736458210059029,32590.16162109375,22618.100504557293,0.4408885314895121,0.6281370391859433,0
2021-01-24,33005.76171875,276929108846,90.23999786376953,68.25,1.1,-0.10950478968231714,-0.3647860211766627,0.22503363473107893,-0.005966219504508707,-0.010000000000000009,0.32969140019677673,-0.1909878489356951,34907.61474609375,24239.703776041668,0.44010071528168426,0.3616404731551479,1
2021-01-31,34316.38671875,377140968540,90.58000183105469,71.0,1.11,0.03894084322552693,0.3088574907240904,0.21086052952027687,0.0037606942658641174,0.010000000000000009,0.16826782417274552,-0.15886280484418702,36236.28125,25802.245930989582,0.40438477126825245,0.32997673189117926,1
2021-02-07,38144.30859375,313091945046,91.04000091552734,78.4,1.19,0.10575357465109114,-0.1861221378699902,0.10654297547064918,0.005065522091494579,0.07999999999999985,-0.06724692430283385,-0.0650356925784944,35572.9560546875,27621.120930989582,0.28788966036408525,0.38098336736775607,1
2021-02-14,47504.8515625,438522112475,90.4800033569336,91.0,1.2,0.2194552823421425,0.33691333653444033,0.13740587095451767,-0.006170111525088728,0.010000000000000009,0.254644910536443,0.0,38242.8271484375,30028.082356770832,0.2735687445526931,0.582014162545696,1
2021-02-21,55888.1328125,273420348787,90.36000061035156,93.5,1.34,0.16252022048350412,-0.47239988792930987,0.07730534585512795,-0.0013271705547843737,0.14000000000000012,0.5266699207022646,0.0,43963.419921875,33259.7265625,0.3218214479082129,0.6803545485401945,0
2021-02-28,46339.76171875,667324941972,90.93000030517578,79.6,1.44,-0.18735168749616982,0.8922667465119041,0.1810168245128411,0.006288284739515149,0.09999999999999987,0.30037738998056807,-0.1708479173169729,46969.263671875,35563.0595703125,0.32073179977698607,0.3030307931501408,1
2021-03-07,48927.3046875,255612755370,91.9800033569336,71.0,1.56,0.05433524174320681,-0.9596134717637312,0.17993634364426545,0.011481215514137055,0.1200000000000001,0.24895905707268376,-0.12454930545547116,49665.0126953125,38135.42626953125,0.30233270094565445,0.2829882729432356,1
2021-03-14,57332.08984375,269267521344,91.68000030517578,74.6,1.64,0.15852488042505186,0.05204176365202784,0.16407035004618578,-0.003266942312984078,0.07999999999999985,0.18802865515559236,0.0,52121.822265625,40984.93701171875,0.27173117896269794,0.3988575809536352,1
2021-03-21,58346.65234375,291237396466,91.91999816894531,72.2,1.74,0.01754148594753424,0.07843334145832515,0.14494538147136757,0.0026143573252737085,0.10000000000000009,0.04304992061962446,0.0,52736.4521484375,43869.162272135414,0.20213036714253296,0.33001519340181984,0
2021-03-28,55137.3125,308175713494,92.7699966430664,63.0,1.67,-0.056575320250031425,0.05653138865131169,0.0895116979532345,0.009204661859218533,-0.07000000000000006,0.17382628786576285,-0.05500469546808162,54935.83984375,46047.128255208336,0.1930350909024663,0.1974104485823931,1
2021-04-04,59095.80859375,239229693476,92.93000030517578,73.5,1.69,0.06933333648170326,-0.25324596768087915,0.09042871591412666,0.0017232493735512833,0.020000000000000018,0.18882438260425807,0.0,57477.9658203125,47571.978190104164,0.20823156839563506,0.2422398824281602,0
2021-04-11,58245.00390625,302118667874,92.16000366210938,72.2,1.67,-0.0145016823999633,0.2333957291967863,0.05311461868234056,-0.008320288169168855,-0.020000000000000018,0.015797819779244365,-0.014397039447396343,57706.1943359375,49356.947916666664,0.16916050873663302,0.18007709886336087,1
2021-04-18,61572.7890625,344511311615,91.55999755859375,76.0,1.59,0.05556171802943055,0.13130704461698883,0.05938907316826898,-0.006531768264195215,-0.07999999999999985,0.05381805186113784,0.0,58512.728515625,51737.533528645836,0.13095318862133043,0.19009904150936419,0
2021-04-25,51093.65234375,349588099678,90.86000061035156,68.0,1.58,-0.18655976773219507,0.014628678588064048,0.11755669813797998,-0.007674601371063794,-0.010000000000000009,-0.0761663956210246,-0.17019103533077018,57501.8134765625,53135.638997395836,0.08217035800361128,-0.038429699767907444,1
2021-05-02,57750.17578125,254217697302,91.27999877929688,47.8,1.65,0.12246612401362356,-0.3185646274485947,0.13287496001206242,0.00461182513189673,0.06999999999999984,-0.02303360808910374,-0.062082834632841144,57165.4052734375,54769.461263020836,0.04374598462655244,0.0544229293020575,0
2021-05-09,57356.40234375,327476471227,90.2300033569336,61.2,1.6,-0.006841919550016229,0.25322523298198973,0.13276210059270463,-0.011569688970054948,-0.04999999999999982,-0.015373845239158216,-0.06847808557884427,56943.2548828125,55590.423828125,0.024335685204887048,0.031767674970154314,0
2021-05-16,49880.53515625,360758996909,90.31999969482422,51.6,1.63,-0.13965362404984205,0.09679392788693164,0.13936223016146945,0.000996913251984921,0.029999999999999805,-0.21058918731842965,-0.18989319932188997,54020.19140625,55089.790690104164,-0.019415562674234277,-0.09455936333390191,0
2021-05-23,37304.69140625,427782662501,90.0199966430664,20.2,1.63,-0.29051175592133127,0.17040513191423656,0.17721074145432847,-0.0033270858887677335,0.0,-0.31454117550756605,-0.39413672867110916,50572.951171875,54336.8681640625,-0.06927003928203745,-0.3134552530040239,0
2021-05-30,35697.60546875,273329395734,90.02999877929688,20.4,1.58,-0.04403548087567977,-0.4479376230787153,0.1265380197606545,0.00011110398772640195,-0.04999999999999982,-0.4810427803968692,-0.420237315666912,45059.80859375,53234.393229166664,-0.1535583321148456,-0.32942589736907923,1
2021-06-06,36894.40625,145002131101,90.13999938964844,23.5,1.56,0.03297633458273985,-0.6339292060743595,0.13935208001433777,0.0012210759298145746,-0.020000000000000018,-0.44122452626411235,-0.40080014545792286,39944.3095703125,51531.2529296875,-0.22485273888420598,-0.2840382456770252,1
2021-06-13,37334.3984375,219834675952,90.55999755859375,16.8,1.47,0.011855164381607608,0.4161273513487309,0.14897470174775101,0.004648577004529919,-0.09000000000000008,-0.28971573783266297,-0.393654258545875,36807.775390625,49780.231770833336,-0.2605945355965379,-0.25001557627591153,0
2021-06-20,35787.24609375,202078256280,92.2300033569336,30.0,1.45,-0.042323536227449665,-0.08422076120448097,0.03884694397712067,0.01827290614916066,-0.020000000000000018,-0.04152751813878213,-0.4187814676151207,36428.4140625,48167.726236979164,-0.2437173828119522,-0.25702853571120954,0
2021-06-27,31637.779296875,231444772919,91.80999755859375,19.2,1.54,-0.1232396217037941,0.13568625345580543,0.06967361115059646,-0.00456429608137654,0.09000000000000008,-0.12073165896689625,-0.4861727107284227,35413.45751953125,45879.55712890625,-0.22812119960026533,-0.3104166370223802,1
2021-07-04,33897.046875,182420951916,92.2300033569336,25.4,1.44,0.0689759438953299,-0.23802434415696183,0.08181815563716534,0.00456429608137654,-0.10000000000000009,-0.08473204965430708,-0.44948008054998934,34664.11767578125,43850.560709635414,-0.2094943117075262,-0.2269871507583322,0
2021-07-11,33798.01171875,108643705321,92.12999725341797,22.0,1.37,-0.0029259218903341377,-0.5182431693594793,0.08014530944100141,-0.0010849003362283227,-0.06999999999999984,-0.09951313592624894,-0.41475482521867324,33780.02099609375,41535.995930989586,-0.1867289988130315,-0.18629586311342916,0
2021-07-18,31421.5390625,109818888571,92.69000244140625,21.6,1.31,-0.07290836071224938,0.01075877169429873,0.08374267221439571,0.0060600249184057375,-0.06000000000000005,-0.13009796041104754,-0.45590574162889796,32688.59423828125,39896.653157552086,-0.18066826033768235,-0.21242669307582807,1
2021-07-25,33581.55078125,113893358059,92.91000366210938,19.4,1.3,0.06648321711860561,0.03643001362125986,0.06736247111449879,0.002370703841664934,-0.010000000000000009,0.05962487841135144,-0.4145108582649918,33174.537109375,37882.60107421875,-0.12428037757016253,-0.11353629822150357,1
2021-08-01,42235.546875,185061830454,92.16999816894531,42.2,1.24,0.22928537720364695,0.48542743294995816,0.1293872959639817,-0.007996643929371494,-0.06000000000000005,0.219934311719669,-0.15326596351266464,35259.162109375,36622.52978515625,-0.03722756684967865,0.15326677656546828,1
2021-08-08,42816.5,150569172673,92.80000305175781,48.0,1.31,0.01366133283533344,-0.20626739022384655,0.1271592840836571,0.006811994537962995,0.07000000000000006,0.23652156644533823,0.0,37513.7841796875,36033.860188802086,0.04107037056621854,0.1882296200201634,1
2021-08-15,47793.3203125,172067688004,92.5199966430664,69.2,1.29,0.10996234500120572,0.13346533661974647,0.09182897546386938,-0.0030218715975669497,-0.020000000000000018,0.419392272158791,0.0,41606.7294921875,36907.91259765625,0.12731191128998276,0.2949342552505936,1
2021-08-22,49339.17578125,170333542036,93.5,71.4,1.26,0.031832518766062634,-0.010129407510760302,0.09807637012329572,0.01053663521473247,-0.030000000000000027,0.3847415738062492,0.0,45546.1357421875,38044.710123697914,0.19717394597302973,0.2968734844037306,0
2021-08-29,49058.66796875,169490199047,92.69000244140625,75.4,1.31,-0.0057015186855498,-0.004963424377972814,0.05071998294494123,-0.008700818067421956,0.050000000000000044,0.14975467791705188,-0.005685295874087171,47251.916015625,39058.398600260414,0.20977607144676846,0.2560337783132489,1
2021-09-05,50025.375,188431019506,92.04000091552734,73.0,1.33,0.01951348929685004,0.10593689323172839,0.04988299116494548,-0.007037343112995309,0.020000000000000018,0.15560683437856807,0.0,49054.134765625,40115.97998046875,0.22280783841022878,0.24701864504758042,0
2021-09-12,44883.91015625,192045145781,92.58000183105469,54.25,1.35,-0.10845099458064134,0.018998483015220557,0.06377577069289889,0.005849880266980634,0.020000000000000018,-0.06280650520327846,-0.1027771374777301,48326.7822265625,40874.035319010414,0.18233450280564378,0.09810322875986266,1
2021-09-19,47267.51953125,170598600064,93.19999694824219,44.8,1.37,0.05174398683367798,-0.11841704959563515,0.06926361701527638,0.00667453356615777,0.020000000000000018,-0.04289503713566408,-0.05512913134084452,47808.8681640625,42176.513671875,0.13354243871378535,0.12070712859251542,0
2021-09-26,42839.75,207834055120,93.33000183105469,31.6,1.47,-0.0983569590516904,0.19742652028848084,0.0814461848291386,0.001393930249435904,0.09999999999999987,-0.13555047750180393,-0.14363960290152744,46254.138671875,42921.738932291664,0.07763897322147506,-0.0019101959596977691,1
2021-10-03,48116.94140625,165789653021,94.04000091552734,24.4,1.48,0.11616791739279186,-0.22602011499031605,0.11140004362566887,0.007578614210579815,0.010000000000000009,-0.038896049405861444,-0.038149311099616945,45777.0302734375,44114.983072916664,0.03767534485446089,0.09071653335372676,1
2021-10-10,53967.84765625,189900541743,94.06999969482422,66.2,1.61,0.11475412817424058,0.13578063622795966,0.1008671864418003,0.00031894933234699607,0.13000000000000012,0.18430907334902005,0.0,48048.0146484375,45993.842122395836,0.04466190322989827,0.1733711550479793,1
2021-10-17,61593.94921875,213801216597,93.94000244140625,72.0,1.59,0.132175183284593,0.11854621833096601,0.10997880526293029,-0.0013828761518812627,-0.020000000000000018,0.26474026979993504,0.0,51629.6220703125,48328.208658854164,0.06831234806907105,0.2744927016339025,0
2021-10-24,60692.265625,203657918148,93.61000061035156,78.8,1.66,-0.014747368486656143,-0.048604974428126724,0.06834801292876563,-0.003519084684037388,0.06999999999999984,0.3483498603649693,-0.01463915863793186,56092.7509765625,49866.2685546875,0.12486361226420062,0.21710060495983985,1
2021-10-31,62227.96484375,191714919108,94.12000274658203,71.4,1.55,0.024988224006126103,-0.060432242184539575,0.07058461005463641,0.005433371137058884,-0.10999999999999988,0.25717016697830225,0.0,59620.5068359375,51483.890625,0.15804198385477974,0.20868807870423067,0
2021-11-07,61125.67578125,173242919346,94.31999969482422,73.8,1.45,-0.017872490806121633,-0.10131470465380943,0.07012804332840837,0.002122659952713768,-0.10000000000000009,0.12454354799794085,-0.01771372509558633,61409.9638671875,52594.920247395836,0.1676025665278602,0.16219732806376008,1
2021-11-14,64155.94140625,204179955552,95.12999725341797,77.0,1.58,0.04838470071364753,0.1643069723915005,0.032079060260557776,0.00855109535290488,0.13000000000000012,0.040753065426997026,0.0,62050.4619140625,53829.650716145836,0.1527190143080548,0.191832764149942,0
2021-11-21,58119.578125,196672238541,96.06999969482422,56.6,1.54,-0.09881412418672397,-0.0374631606558431,0.06475628342039078,0.009832740898565007,-0.040000000000000036,-0.04331369027307117,-0.09408892066638652,61407.2900390625,54584.7265625,0.12499033898705347,0.06475898635220911,0
2021-11-28,53569.765625,150968240692,96.08999633789062,43.0,1.48,-0.0815177452201894,-0.26446909124458173,0.06697859489471024,0.00020812493288335787,-0.06000000000000005,-0.14981965949938683,-0.16500694322628562,59242.740234375,54880.092447916664,0.07949417706609463,-0.023876177398210796,1
2021-12-05,53598.24609375,178106733182,96.12000274658203,34.0,1.35,0.0005315106432171035,0.16531350705690429,0.06936189370757868,0.00031222526484686597,-0.1299999999999999,-0.1314156580500476,-0.16456301756444147,57360.8828125,55606.287109375,0.03155390863759333,-0.03611176217673506,0
2021-12-12,47243.3046875,160433404672,96.05000305175781,24.4,1.48,-0.1262054012458993,-0.10450406290382475,0.05455143885060174,-0.0007285184556184987,0.1299999999999999,-0.3060057600095963,-0.26361762212567874,53132.7236328125,55604.269205729164,-0.04444884553328521,-0.15036551397329934,0
2021-12-19,46202.14453125,163518051651,96.56999969482422,25.8,1.41,-0.02228472872823062,0.019044459590979557,0.05746009413955421,0.00539920983151454,-0.07000000000000006,-0.22947636455110215,-0.27984620724856146,50153.365234375,55884.46875,-0.10255270639259673,-0.17325608411997295,1
2021-12-26,50784.5390625,110689563724,96.0199966430664,32.75,1.5,0.09456574366172887,-0.39019383192643176,0.09065442629923952,-0.005711662676656459,0.09000000000000008,-0.05339287566918386,-0.20842032788637987,49457.05859375,56106.7685546875,-0.11851885489459257,-0.09485895604555983,0
2022-01-02,46306.4453125,151464612358,95.66999816894531,31.6,1.52,-0.09231080008034631,0.3136224559017933,0.09754006644975594,-0.003651717591220738,0.020000000000000018,-0.1462351863927472,-0.27822046879061335,47634.1083984375,55468.318359375,-0.14123756033453638,-0.16517308110038464,0
2022-01-09,41557.90234375,226822046935,95.73999786376953,21.8,1.76,-0.10819346702065324,0.40381375996767943,0.09229680118528283,0.0007314111007330482,0.24,-0.12822325216750174,-0.3522361073217535,46212.7578125,53798.647786458336,-0.14100521641489627,-0.22752886822165552,1
2022-01-16,43099.69921875,163200358401,95.16999816894531,21.6,1.78,0.03642832640561089,-0.3291871372250945,0.09880771913758878,-0.005971414807110165,0.020000000000000018,-0.06951019703365979,-0.32820408719696104,45437.146484375,52332.6005859375,-0.1317621143294645,-0.1764273371438092,0
2022-01-23,36457.31640625,108902778456,95.63999938964844,22.75,1.75,-0.16737385563854268,-0.4045230951695089,0.08583588752380365,0.004926389363942185,-0.030000000000000027,-0.3314497963339314,-0.431739046966921,41855.3408203125,50185.046549479164,-0.1659798346695588,-0.27354224190455867,1
2022-01-30,37784.33203125,146889703377,97.2699966430664,18.4,1.78,0.035752357406821034,0.29922644454402203,0.1032530171742756,0.016899446161485088,0.030000000000000027,-0.20338663884676544,-0.4110548266762851,39724.8125,48239.9345703125,-0.17651603689265405,-0.21674164014096775,1
2022-02-06,41500.875,108182165770,95.4800033569336,22.8,1.93,0.09381999118139639,-0.3058654616846255,0.11463126524524495,-0.018573745740719794,0.1499999999999999,-0.001373180644713771,-0.28593984438871045,39710.5556640625,46352.012369791664,-0.1432830284205202,-0.10465861397968612,1
2022-02-13,42407.9375,144064116412,96.08000183105469,49.4,1.92,0.02162103855415687,0.28644192703943006,0.11327907540628085,0.0062643602002045995,-0.010000000000000009,-0.016180468496169696,-0.208781245829887,39537.615234375,45042.708984375,-0.12221941961594007,-0.05849496053376768,0
2022-02-20,40030.9765625,112898660237,96.04000091552734,45.0,1.92,-0.05768198143330139,-0.24376784906760207,0.06242063319723896,-0.00041641594350938504,0.0,0.09351140570907308,-0.25312898312976806,40431.0302734375,43914.4765625,-0.07932341591513192,-0.08843325263077928,0
2022-02-27,39214.21875,120271625545,96.62000274658203,23.75,1.97,-0.020614164230044807,0.0632621267551059,0.06500481828097623,0.006021006667077167,0.050000000000000044,0.03714488407220764,-0.22783155121799037,40788.501953125,42715.8076171875,-0.04511926079765871,-0.0819740761679657,0
2022-03-06,39137.60546875,150836228399,98.6500015258789,39.0,1.74,-0.0019556227677135496,0.226441937064223,0.033486603769618935,0.020792460383324496,-0.22999999999999998,-0.0586307298769033,-0.22934014581517104,40197.6845703125,42040.332682291664,-0.04383048359546715,-0.06904624745665622,0
2022-03-13,38794.97265625,144049803189,99.12000274658203,23.2,2.0,-0.008793113955816168,-0.04603557283225257,0.0248398221451057,0.00475301709432685,0.26,-0.08904488238687536,-0.23608693959975824,39294.443359375,41423.068359375,-0.05138742937951002,-0.06344522043428491,1
2022-03-20,41801.15625,144304242165,98.2300033569336,24.0,2.14,0.07463333311238074,0.001764768319606702,0.04323632314391062,-0.009019563169554878,0.14000000000000012,0.04327043215880635,-0.09729291531871997,39736.98828125,40674.453125,-0.02304800118317507,0.027700510724445015,1
2022-03-27,44348.73046875,143480544041,98.80999755859375,34.8,2.48,0.05916008243263704,-0.005724419168711137,0.042293399137370534,0.0058870876377845605,0.33999999999999986,0.12304467882148766,0.0,41020.6162109375,40511.310221354164,0.012571945631984827,0.0947246639624375,1
2022-04-03,46281.64453125,168583190127,98.62999725341797,54.6,2.39,0.04266135301321761,0.16122989349843664,0.03623880081189742,-0.001823342380208537,-0.08999999999999986,0.16766165460242013,0.0,42806.6259765625,40904.955403645836,0.046489980349597726,0.13144346631227344,0
2022-04-10,42287.6640625,154851753798,99.80000305175781,44.8,2.72,-0.09025002228536572,-0.08496110576895788,0.07566877990808571,0.0117927667775799,0.33000000000000007,0.08620474627287009,-0.08629728932931957,43679.798828125,40837.285807291664,0.0696058262600252,0.03551602969042977,0
2022-04-17,39935.515625,116974520221,100.31999969482422,26.25,2.83,-0.0572293698995221,-0.28051209694906376,0.07352779846780014,0.005196859946433818,0.10999999999999988,-0.04565795673903394,-0.13711977978580703,43213.388671875,41127.1357421875,0.050726920123140395,-0.028974060451410377,0
2022-04-24,39740.3203125,150212424100,101.22000122070312,26.2,2.9,-0.004899746597347487,0.2500943177608548,0.05846585251446052,0.008931304003245266,0.06999999999999984,-0.10971778576901602,-0.14133733329923504,42061.2861328125,41290.134765625,0.018676407126418493,-0.03753473951882702,0
2022-05-01,38609.82421875,165782533726,102.95999908447266,23.6,2.89,-0.028859539768157916,0.09862643875857202,0.03681160688007835,0.01704417654997048,-0.009999999999999787,-0.18123867855039394,-0.1657637793600848,40143.3310546875,41049.2138671875,-0.022068213423792615,-0.059425977226507,0
2022-05-08,36040.921875,177905823966,103.66000366210938,25.0,3.12,-0.06885174589632292,0.07057743972610808,0.028783129918065645,0.006775793693842402,0.22999999999999998,-0.1598404021613508,-0.22126963637463926,38581.6455078125,40518.629231770836,-0.04780476932915434,-0.11050984304424216,0
2022-05-15,29283.103515625,303385687405,104.55999755859375,11.0,2.93,-0.2076443337683287,0.5337505603527042,0.09064401942725618,0.008644697876987628,-0.18999999999999995,-0.3102553660301561,-0.3672847235181401,35918.54248046875,39622.97314453125,-0.09349199138969166,-0.2609564302807337,0
2022-05-22,29200.740234375,157523469392,103.1500015258789,12.0,2.78,-0.002816618416989769,-0.6554304326132971,0.09120490956935644,-0.013576791656556786,-0.15000000000000036,-0.3081722378498,-0.3690643336008024,33283.6474609375,38788.5166015625,-0.14192007384998195,-0.24718079491602107,0
2022-05-29,28627.57421875,158981355453,101.66999816894531,11.4,2.74,-0.019823672574881712,0.00921247486550314,0.09289241363057016,-0.014451998032789959,-0.03999999999999959,-0.2991363706565221,-0.3814486389000229,30788.0849609375,37912.6806640625,-0.18792118041598727,-0.2449076742313785,1
2022-06-05,29704.390625,129933137488,102.13999938964844,14.0,2.96,0.03692448050376029,-0.20176694291401276,0.10883238120080337,0.004612158966574853,0.21999999999999975,-0.19336014425644021,-0.35818204115579366,29203.9521484375,37155.132161458336,-0.21399950829050562,-0.20053061590740673,0
2022-06-12,29083.8046875,154519851221,104.1500015258789,13.8,3.15,-0.021113388070938655,0.17330258382269648,0.027070551414959947,0.0194877671139011,0.18999999999999995,-0.006829198559050621,-0.3715909410292839,29154.12744140625,36095.352864583336,-0.19230246755636504,-0.19425071707674169,0
2022-06-19,20471.482421875,232346535865,104.69999694824219,8.4,3.25,-0.3511486630105285,0.4079073713442938,0.17698651246664857,0.005266906371089064,0.10000000000000009,-0.35516124315258774,-0.5576759938153801,26971.81298828125,34105.582194010414,-0.2091672021649872,-0.3997615315457016,1
2022-06-26,21231.65625,108690888313,104.19000244140625,10.5,3.13,0.03646047098153815,-0.7597219798493917,0.1862901515815489,-0.004882909872508279,-0.1200000000000001,-0.29887709959616915,-0.49792317166963396,25122.83349609375,32018.083170572918,-0.21535485549667233,-0.33688546759996163,0
2022-07-03,19269.3671875,122934762278,105.13999938964844,11.4,2.88,-0.09697664464502154,0.12314586023692797,0.17093931309811916,0.009076610729827017,-0.25,-0.4327782247449494,-0.5174879581262449,22514.07763671875,30099.891764322918,-0.25202130914621934,-0.3598193861168705,1
2022-07-10,21731.1171875,127029297706,107.01000213623047,18.75,3.09,0.12022856253576641,0.03276392376881532,0.20596144531069008,0.017629518415644974,0.20999999999999996,-0.2914362741382447,-0.4531720676477625,20675.90576171875,28582.858561197918,-0.2766326811767208,-0.23971505015944627,0
2022-07-17,20836.328125,140067218080,108.05999755859375,17.2,2.93,-0.042047197421702265,0.0977046860750157,0.09465497849909475,0.009764297821043044,-0.1599999999999997,0.017665191450580497,-0.460336104952239,20767.1171875,27007.52587890625,-0.23106184251702266,-0.22849918876597852,1
2022-07-24,22714.978515625,196724795236,106.7300033569336,29.6,2.77,0.08632654564446973,0.3396833370293102,0.10318187530476838,-0.01238429344440739,-0.16000000000000014,0.06753126611351258,-0.36974479747197087,21137.94775390625,25682.955403645832,-0.1769659129297244,-0.1155621244274525,1
2022-07-31,23804.6328125,172057826398,105.9000015258789,31.0,2.67,0.046855664334131575,-0.13397515325708298,0.07000466556963097,-0.0078070453624130565,-0.10000000000000009,0.21136357509266457,-0.19861568234073146,22271.76416015625,24663.2646484375,-0.09696609602868445,-0.03481420031682214,0
2022-08-07,23289.314453125,134528058636,106.62000274658203,31.8,2.83,-0.021885569504595637,-0.2460578286202839,0.05970985230232412,0.006775870139053453,0.16000000000000014,0.06924944305230356,-0.21596390422080913,22661.3134765625,24163.7822265625,-0.062178542080568056,-0.036189192786062474,1
2022-08-14,24402.818359375,149361537056,105.62999725341797,37.2,2.84,0.046703983943341854,0.10459699844957271,0.04497005189661237,-0.009328741321932732,0.009999999999999787,0.15800062441734777,-0.17847773187991467,23552.93603515625,23763.955403645832,-0.008879808302333703,0.02688369612203334,0
2022-08-21,20877.552734375,158066033814,108.16999816894531,38.6,2.98,-0.15602408222339292,0.056643091119322975,0.09560417879995249,0.023761650881475305,0.14000000000000012,-0.08435000345051502,-0.2971559996654535,23093.57958984375,23118.120279947918,-0.0010615348396406654,-0.09691824068915889,0
2022-08-28,20260.01953125,168862501942,108.80000305175781,26.8,3.04,-0.03002508708697782,0.0660719045483944,0.08447173349279757,0.00580731575645288,0.06000000000000005,-0.16123075487162428,-0.30339170720818365,22207.42626953125,22331.08935546875,-0.005537709512017819,-0.0927437883235892,0
2022-09-04,19969.771484375,159652477171,109.52999877929688,23.8,3.2,-0.014429758433596618,-0.056085350495294506,0.08509370677404844,0.006687110719648004,0.16000000000000014,-0.1537749438006263,-0.18166126591262877,21377.54052734375,21571.586588541668,-0.00899544687644771,-0.07425578538657496,1
2022-09-11,21381.15234375,159307742065,109.0,22.0,3.33,0.06829009793880303,-0.002161619032364115,0.09264322931162913,-0.004850590961591017,0.1299999999999999,-0.13218882980516508,-0.12382446859725715,20622.1240234375,21647.392415364582,-0.047362212143361004,-0.012298944210278884,0
2022-09-18,19772.583984375,205687960252,109.76000213623047,26.8,3.45,-0.07821347141851831,0.255522448059903,0.06096819032754814,0.006948301211172847,0.1200000000000001,-0.05437821900029078,-0.1897417874776407,20345.8818359375,21525.803059895832,-0.054814272000686115,-0.08144732489851725,0
2022-09-25,19297.638671875,203363989085,113.19000244140625,21.8,3.69,-0.024313591118744426,-0.011362841201524532,0.0605203567589684,0.030771660773110554,0.23999999999999977,-0.048666723032055784,-0.20920451122969197,20105.28662109375,21528.159016927082,-0.06609354727984684,-0.10360943280371893,1
2022-10-02,19431.7890625,240804628530,112.12000274658203,20.8,3.83,0.006927596661240543,0.16898851159303518,0.061192528144467746,-0.009498093420032383,0.14000000000000012,-0.02730936793721982,-0.20370717937853455,19970.791015625,21336.54833984375,-0.06401022801182621,-0.08927213750814667,1
2022-10-09,19546.849609375,163534527102,112.80000305175781,23.6,3.89,0.005903791666199254,-0.3869617917412356,0.03991664516203292,0.006046615325153937,0.06000000000000005,-0.08969567420982325,-0.19899212781438624,19512.21533203125,21229.091796875,-0.08087375952166176,-0.07924230596372628,0
2022-10-16,19185.65625,163758926261,113.30999755859375,22.0,4.0,-0.01865119862041631,0.0013712415684210555,0.016277374936257083,0.004511037727670697,0.10999999999999988,-0.0301334014117204,-0.21379342469967966,19365.4833984375,20934.981608072918,-0.07497012603202813,-0.0835599185527035,0
2022-10-23,19172.46875,137431214812,112.01000213623047,22.2,4.21,-0.0006875988083141493,-0.17527184852305666,0.011840604719006302,-0.011539231750787415,0.20999999999999996,-0.0065074091012909015,-0.21433383359039837,19334.19091796875,20548.967936197918,-0.059116205835782365,-0.06698629295990843,1
2022-10-30,20595.3515625,230479537564,110.66999816894531,27.4,4.02,0.07159006730956463,0.517038548346072,0.03942431440807606,-0.012035388363914379,-0.1900000000000004,0.05815506154703343,-0.15602569919602172,19625.08154296875,20324.471028645832,-0.03441120237231976,0.013327802404912825,1
2022-11-06,21147.23046875,248341417586,110.87999725341797,30.2,4.17,0.026443551787549424,0.0746423988489262,0.039262027589319945,0.0018957269393142795,0.15000000000000036,0.07869482166838324,-0.01094056443914626,20025.1767578125,20053.172037760418,-0.0013960524497173,0.05455787388296751,0
2022-11-13,17034.29296875,414482369658,106.29000091552734,28.0,3.82,-0.2162804041851949,0.512225956454003,0.12788763072447304,-0.042277294511856134,-0.3500000000000001,-0.11893438389639471,-0.2033033255230814,19487.3359375,19732.900390625,-0.01244441761038162,-0.13675675488419814,0
2022-11-20,16697.77734375,174886324857,106.93000030517578,22.4,3.82,-0.0199529282523514,-0.8628942490588223,0.12678714650552342,0.006003201463567365,0.0,-0.13819971334043224,-0.2190422164672997,18868.6630859375,19436.046875,-0.029192345167283418,-0.14088613537828798,0
2022-11-27,16521.841796875,119793445882,105.95999908447266,21.25,3.68,-0.010592366583045632,-0.37836721526096184,0.10930800448970424,-0.009112761858984797,-0.13999999999999968,-0.22038214723304161,-0.22727075083469217,17850.28564453125,19148.719401041668,-0.06780786376971948,-0.1371829389292617,1
2022-12-04,17088.66015625,123283385216,104.55000305175781,27.4,3.51,0.033731843977552245,0.02871667485317886,0.11116522289522374,-0.013396200699458127,-0.17000000000000037,-0.21309385504303902,-0.19191970875323328,16835.64306640625,18791.01171875,-0.10405872135094507,-0.0905939279895911,1
2022-12-11,17133.15234375,102599443728,104.80999755859375,26.2,3.57,0.0026002253719479285,-0.18365313923897375,0.02342750773460334,0.0024837088243474525,0.06000000000000005,0.005786774514102794,-0.18981578372315666,16860.35791015625,18571.05908203125,-0.09211651119726494,-0.07742728790694131,0
2022-12-18,16647.484375,116782861743,104.69999694824219,28.8,3.48,-0.02875620372002352,0.12948381700800127,0.026340343789374117,-0.0010500751595960978,-0.08999999999999986,-0.0030165009535686135,-0.21278181558570664,16847.78466796875,18350.212890625,-0.08187524753044306,-0.09279066819409554,1
2022-12-25,16796.953125,86596954737,104.30999755859375,27.8,3.75,0.008938391931232914,-0.2990516777252594,0.02571142675361367,-0.0037318774462660187,0.27,0.016514257560709077,-0.2057138096725506,16916.5625,18130.643229166668,-0.06696291542561394,-0.07355999935077695,0
2023-01-01,16602.5859375,63155694548,103.5199966430664,27.75,3.88,-0.011639045756444588,-0.3156616305708084,0.016741827416317415,-0.007602412957870008,0.1299999999999999,-0.028856632173286753,-0.21490495116917463,16795.0439453125,17885.287923177082,-0.06095758606445267,-0.07171827432617739,1
2023-01-08,16951.96875,60431244008,103.87999725341797,27.5,3.55,0.020825514926375632,-0.0440967635838021,0.021967606449066833,0.0034715620298815253,-0.33000000000000007,-0.010631342618859818,-0.1983835058188581,16749.748046875,17699.147298177082,-0.053640959946124944,-0.042215511040694986,1
2023-01-15,19909.57421875,117001728001,102.19999694824219,27.6,3.49,0.16081675502710624,0.6606824478322899,0.07854100311341551,-0.01630471244563747,-0.05999999999999961,0.17894161612826898,-0.058525689774314826,17565.2705078125,17760.57275390625,-0.010996393460948273,0.12099843257425924,1
2023-01-22,22676.552734375,104957611360,102.01000213623047,49.75,3.48,0.1301307389170656,-0.10863213661313864,0.08335688016589607,-0.0018607792731488715,-0.010000000000000231,0.30013396311410306,0.0,19035.17041015625,17934.006184895832,0.06140090584934832,0.2644443467111872,1
2023-01-29,23078.728515625,135350311899,101.93000030517578,52.4,3.52,0.017579878343328303,0.2543097531314089,0.07398301837592126,-0.0007845624615150371,0.040000000000000036,0.32935288721387496,0.0,20654.2060546875,18094.96435546875,0.14143391768800484,0.27542271221164527,1
2023-02-05,23449.322265625,135876682626,102.91999816894531,57.6,3.53,0.015930243410476663,0.0038814085504341733,0.07536727094729524,0.009665663448199524,0.009999999999999787,0.32445761569797704,0.0,22278.54443359375,18629.550130208332,0.19587130541968767,0.2587165069327828,0
2023-02-12,21651.18359375,136035317550,103.62999725341797,54.2,3.74,-0.07978147081052,0.001166810893931114,0.08583670107931114,0.006874867069895707,0.2100000000000004,0.08385938986035073,-0.07668190370307382,22713.94677734375,19042.333984375,0.19281317069543347,0.1370026180359858,1
2023-02-19,24565.6015625,163869767948,103.86000061035156,54.8,3.82,0.12628703151098541,0.18615747459277188,0.08421340912739508,0.002217007600457954,0.07999999999999963,0.08001568245427133,0.0,23186.208984375,19712.647298177082,0.1762098024509946,0.24618480668355947,0
2023-02-26,23198.126953125,118740104489,105.20999908447266,57.0,3.95,-0.05727561328849795,-0.3221349056598015,0.09281003726771883,0.01291449982544357,0.13000000000000034,0.005160190822445053,-0.05566623743757548,23216.05859375,20221.76953125,0.14807255407953956,0.147185804747475,0
2023-03-05,22362.6796875,114307771254,104.5199966430664,50.8,3.97,-0.036678056616182175,-0.038042550360309235,0.09376645164182505,-0.0065799355835007844,0.020000000000000018,-0.04744810920421447,-0.08967506329512465,22944.39794921875,20657.5634765625,0.11070204263202821,0.08254198094911236,0
2023-03-12,20187.244140625,132598142649,104.58000183105469,45.0,3.7,-0.10234255726380859,0.14842851201841256,0.09970434159840343,0.0005739377338436213,-0.27,-0.07000919565750262,-0.17823123161610954,22578.4130859375,20952.54345703125,0.07759772135733911,-0.036525365904893525,1
2023-03-19,27423.9296875,232340617384,103.70999908447266,51.6,3.39,0.306365051754252,0.5608814028437763,0.18791002558136877,-0.00835381249475553,-0.31000000000000005,0.11006882458576304,0.0,23292.9951171875,21838.124837239582,0.06662065954797503,0.25578225657613207,1
2023-03-26,27493.28515625,164458987033,103.12000274658203,62.8,3.38,0.002525820212113672,-0.3455432531535294,0.1811732388470423,-0.0057051485081336395,-0.010000000000000231,0.16987025808637388,0.0,24366.78466796875,22745.68310546875,0.07127073541749285,0.20872541082926555,1
2023-04-02,28478.484375,98094119018,102.51000213623047,60.6,3.48,0.035207069237431554,-0.5167338042457637,0.17413409109047912,-0.005933009631196029,0.10000000000000009,0.24175538393998802,0.0,25895.73583984375,23706.22607421875,0.09236011496600716,0.20130822535145,0
2023-04-09,28044.140625,65731165552,101.81999969482422,62.5,3.3,-0.015369148184007031,-0.40035424138742215,0.15091500732118357,-0.0067538301575682524,-0.18000000000000016,0.32872879301978986,-0.015251645567953442,27859.9599609375,24384.106608072918,0.14254585614852178,0.1500991640069087,1
2023-04-16,30485.69921875,98203305943,101.55000305175781,64.8,3.52,0.08347797580815808,0.40146670566230824,0.043397708790079086,-0.002655227398812521,0.2200000000000002,0.10584171707369619,0.0,28625.40234375,25034.868815104168,0.14342130390871355,0.21772953730667077,0
2023-04-23,27276.91015625,104024146369,101.81999969482422,58.4,3.57,-0.11121713308857828,0.05758316861646762,0.0832625650060949,0.002655227398812521,0.04999999999999982,-0.007901236226995113,-0.10525555079040005,28571.30859375,25384.71728515625,0.12553188096591938,0.0745406320597557,1
2023-04-30,29340.26171875,111988813402,101.66999816894531,57.0,3.44,0.07292013038452438,0.07377593714988251,0.09068111351029559,-0.0014742891996952778,-0.1299999999999999,0.02981182492009835,-0.03757294499892949,28786.7529296875,25875.62890625,0.11250447415151887,0.1338955982501029,1
2023-05-07,29534.384765625,87696742053,101.20999908447266,61.4,3.44,0.006594476976225394,-0.24451423604785916,0.0894957752663979,-0.004534699122295649,0.0,0.05177545008032941,-0.03120526927392575,29159.31396484375,26532.562337239582,0.0990010536569026,0.11313729862314248,0
2023-05-14,26804.990234375,89945465874,102.68000030517578,52.8,3.46,-0.09696709689565708,0.025318802024713705,0.08754757405392559,0.01441980182005409,0.020000000000000018,-0.12866962262348636,-0.12073559336671558,28239.13671875,26719.178059895832,0.05688643024298523,0.0032116322697803845,1
2023-05-21,26890.12890625,68767399434,103.19999694824219,50.6,3.7,0.0031711911468690346,-0.2684737647412625,0.07005359378037097,0.005051464501121039,0.2400000000000002,-0.014281298388038936,-0.11794285204679089,28142.44140625,27026.844889322918,0.04127734929828253,-0.0050585254635818755,0
2023-05-28,26719.291015625,67615819985,104.20999908447266,49.8,3.8,-0.006373449635235673,-0.016887808086579525,0.049354897944196084,0.009739261742762295,0.09999999999999964,-0.09357487840779916,-0.12354672189406435,27487.19873046875,27389.895833333332,0.0035525106677112284,-0.024483657104391376,1
2023-06-04,27249.58984375,58423838800,104.0199966430664,51.0,3.69,0.019652654920426116,-0.1461179739425269,0.05234114785376734,-0.0018249291460037398,-0.10999999999999988,-0.08051670046359818,-0.10615171893481301,26916.0,27978.424641927082,-0.03797299724785019,-0.026049886921970855,0
2023-06-11,26480.375,85893384356,103.55999755859375,50.0,3.75,-0.028634576790519617,0.38538280520432977,0.020163742908039302,-0.004432024764387421,0.06000000000000005,-0.01218418035846006,-0.13138370847294045,26834.84619140625,27899.795084635418,-0.0381704915752461,-0.05087564551386614,0
2023-06-18,26327.462890625,72249113623,102.30000305175781,45.2,3.77,-0.005791281857341346,-0.17298675165473654,0.019736011097207917,-0.012241428519502051,0.020000000000000018,-0.021146653362669226,-0.13639957208419573,26694.1796875,27802.643229166668,-0.03986899851679648,-0.053058996095526445,1
2023-06-25,30695.46875,100327350702,102.9000015258789,59.5,3.74,0.15350243523705487,0.32831828802464,0.08163180034732884,0.005847954879723893,-0.029999999999999805,0.13872923150961994,0.0,27688.22412109375,27987.391927083332,-0.010689377801583522,0.09676059955754823,0
2023-07-02,30477.251953125,87061682738,102.91000366210938,57.2,3.81,-0.007134478243997933,-0.14182148232469416,0.08432994326169532,9.719776479499842e-05,0.06999999999999984,0.11194209834519636,-0.007109088271375574,28495.1396484375,28190.151204427082,0.010818971554949375,0.08113119834343929,0
2023-07-09,30342.265625,62267496817,102.2699966430664,58.5,4.06,-0.0044389220812028896,-0.33517729520690054,0.07965293346059012,-0.006238513439858373,0.24999999999999956,0.13613775305451342,-0.011506686145654643,29460.6123046875,28178.198404947918,0.04551085492798568,0.0767993463937029,0
2023-07-16,30334.068359375,86389690232,99.91000366210938,58.8,3.83,-0.0002701964715594585,0.327428773455015,0.0787757763356079,-0.023346524594686002,-0.22999999999999954,0.14165883844029434,-0.011773737471430512,30462.263671875,28432.961588541668,0.0713714636097258,0.06686277702423604,0
2023-07-23,29908.744140625,64135653094,101.06999969482422,53.2,3.84,-0.014120565365564275,-0.2978679228578649,0.005817609825223805,0.011543525668112231,0.009999999999999787,-0.025964162162323744,-0.025629991702765587,30265.58251953125,28480.335123697918,0.062683510853349,0.050154220823705575,0
2023-07-30,29319.24609375,61149399012,101.62000274658203,51.8,3.96,-0.019906720166652292,-0.04768038582367495,0.00895018917964163,0.005427050126431077,0.1200000000000001,-0.03873640408497932,-0.04483471705412545,29976.0810546875,28462.406901041668,0.05318152322495373,0.030104242261991265,0
2023-08-06,29074.091796875,73958827705,102.0199966430664,52.4,4.05,-0.00839670229875189,0.19018852201116587,0.008377492591245799,0.0039284463965651994,0.08999999999999986,-0.04269418430252779,-0.05282137784994734,29659.03759765625,28651.498697916668,0.0351653123057345,0.014749423875305423,1
2023-08-13,29397.71484375,71628759266,102.83999633789062,51.4,4.16,0.011069483568784122,-0.03201189695442608,0.01345275331952774,0.008005507197793804,0.11000000000000032,-0.03135450426218518,-0.04227835439880678,29424.94921875,28860.464192708332,0.01955911111728703,0.018615454257918884,0
2023-08-20,26049.556640625,96750250727,103.37999725341797,48.4,4.26,-0.12091619641992324,0.3006362643532974,0.05898778734742052,0.00523714641215367,0.09999999999999964,-0.13815013531654372,-0.151354981649368,28460.15234375,28804.652994791668,-0.011959895892651784,-0.09564761480254014,0
2023-08-27,26047.66796875,70138221525,104.08000183105469,38.4,4.25,-7.250566186556284e-05,-0.321665035083079,0.06141146909799628,0.00674835859694678,-0.009999999999999787,-0.11831592081175556,-0.15141651098747266,27642.2578125,28704.492838541668,-0.037005880299525784,-0.09255780566254546,0
2023-09-03,25800.724609375,94098715785,104.23999786376953,43.8,4.18,-0.009525665671064942,0.29387651083796484,0.06128412925941079,0.001536060526191818,-0.07000000000000028,-0.11944488418407058,-0.15946145603738338,26823.916015625,28647.855305989582,-0.06366756851020672,-0.09938372929506223,1
2023-09-10,25905.654296875,45753108867,105.08999633789062,42.25,4.26,0.0040586803315481035,-0.7210846563651039,0.05980574884837392,0.008121178706937293,0.08000000000000007,-0.1264556874213053,-0.1560430463576159,25950.90087890625,28612.70458984375,-0.09302873493064767,-0.09461008079360778,1
2023-09-17,26608.693359375,71620457773,105.31999969482422,40.2,4.33,0.026776722916476814,0.44812101345226907,0.015399722236385803,0.0021862407003618856,0.07000000000000028,0.02123723191509446,-0.12693265782951724,26090.68505859375,28272.139973958332,-0.07715917215230028,-0.058836954546615305,0
2023-09-24,26579.568359375,66654337226,105.58000183105469,45.8,4.44,-0.0010951665638181396,-0.07186063707600354,0.015526818220394742,0.0024656450077849,0.11000000000000032,0.020214571013140586,-0.12400844789008736,26223.66015625,27947.3330078125,-0.061675754573098596,-0.04894079331488088,1
2023-10-01,26911.720703125,58177150499,106.16999816894531,46.2,4.59,0.012419091730810905,-0.13602744462747296,0.012173013353301159,0.005572589040752085,0.14999999999999947,0.04215932841501899,-0.1128219141496164,26501.4091796875,27661.454264322918,-0.04193724138833932,-0.02710390979569377,1
2023-10-08,27946.59765625,67713856092,106.04000091552734,49.4,4.78,0.03773355695740399,0.1517981534480768,0.016916863149718533,-0.0012251757244232664,0.1900000000000004,0.07583420504087403,-0.06560444247171915,27011.64501953125,27462.498372395832,-0.016417055242059164,0.01762764906854808,0
2023-10-15,26862.375,60187335725,106.6500015258789,47.2,4.63,-0.03956885390961595,-0.11782886781943347,0.03226163993170736,0.005736069170093394,-0.15000000000000036,0.009488628214779929,-0.0862427524460806,27075.0654296875,27208.63427734375,-0.004909061083138266,-0.012726080765916081,1
2023-10-22,29682.94921875,91414716058,106.16000366210938,50.8,4.93,0.09984617194047019,0.41794451253167253,0.05792038508035185,-0.004605034704626476,0.2999999999999998,0.1104299667190695,0.0,27850.91064453125,27238.94287109375,0.02246664917701069,0.08972471359194545,1
2023-10-29,33909.80078125,144398118211,106.55999755859375,66.4,4.84,0.13313130062287115,0.4571677218950718,0.07599570259894055,0.0037607593609001455,-0.08999999999999986,0.23114217561112774,0.0,29600.4306640625,27641.918619791668,0.07085297049056982,0.22675278976367852,1
2023-11-05,34732.32421875,93546018375,105.0199966430664,67.4,4.57,0.023966705832114243,-0.43412070424415816,0.07750331287765667,-0.014557407635979125,-0.2699999999999996,0.2173753244858393,0.0,31296.8623046875,28086.469401041668,0.11430389693361631,0.23662122578717026,1
2023-11-12,37313.96875,109297506664,105.86000061035156,69.4,4.61,0.07169696683605764,0.1556200927151501,0.0462125838340847,0.00796669595048538,0.040000000000000036,0.3286411452315131,0.0,33909.7607421875,29025.17041015625,0.1682880845489223,0.2855727708989919,0
2023-11-19,36596.68359375,118733351819,103.81999969482422,66.8,4.44,-0.019410129753021366,0.08280665481303728,0.06546004177776395,-0.019458844735877,-0.16999999999999993,0.20938484353802136,-0.019222966097649397,35638.1943359375,29904.255045572918,0.19174325799543523,0.22379519362639466,1
2023-11-26,37720.28125,93380578507,103.4000015258789,67.0,4.47,0.030240289884920557,-0.24019685316277162,0.03728651322383928,-0.004053650628234706,0.02999999999999936,0.1064938328000725,0.0,36590.814453125,30897.551432291668,0.18426259547813828,0.22081781569842307,1
2023-12-03,38688.75,103056376021,103.2699966430664,70.2,4.22,0.025350946106472705,0.09859279378814634,0.03726005067438938,-0.0012580916544440157,-0.25,0.10787807307442893,0.0,37579.9208984375,31962.809407552082,0.17573897898844337,0.21043020676582747,1
2023-12-10,44166.6015625,158134923306,104.01000213623047,73.0,4.23,0.13242002259991814,0.4281724350946412,0.06419339519977332,0.007140183726809468,0.010000000000000675,0.1686011288382907,0.0,39293.0791015625,33425.968424479164,0.17552552562057167,0.32132601220777324,0
2023-12-17,41929.7578125,137428049484,102.55000305175781,69.6,3.91,-0.05197309753019397,-0.14034810992837166,0.07564569945220627,-0.014136554626624331,-0.3200000000000003,0.13603816106111818,-0.05064559352239606,40626.34765625,34705.15087890625,0.17061435053269425,0.20817102794919284,1
2023-12-24,43997.90234375,119745820848,101.69999694824219,71.2,3.9,0.04814617360585416,-0.13772916696052562,0.07587774711701202,-0.008323241230057121,-0.010000000000000231,0.15394404478205106,-0.0038196105831523885,42195.7529296875,36128.999348958336,0.16791922527752146,0.2178001919950363,0
2023-12-31,42099.40234375,104279906083,101.33000183105469,70.5,3.88,-0.044108414299017795,-0.13829264826760834,0.08701619777097627,-0.0036447375166233087,-0.020000000000000018,0.08448468437656038,-0.046804579605807195,43048.416015625,37308.399739583336,0.15385318898981448,0.12841619146380934,1
2024-01-07,44162.69140625,148461718211,102.41000366210938,70.25,4.05,0.04784680233404792,0.35324844674275724,0.055540146577901746,0.010601864316201137,0.16999999999999993,-8.853588931000163e-05,-8.853197012381742e-05,43047.4384765625,38750.0927734375,0.11089897844246588,0.13967963030330455,0
2024-01-14,42853.16796875,221848529754,102.4000015258789,73.4,3.96,-0.03010077290741897,0.4016677154110546,0.04946495697353244,-9.767234007185266e-05,-0.08999999999999986,0.021783788733465724,-0.02973816293950904,43278.291015625,39847.611002604164,0.08609499858841296,0.07542627752387498,0
2024-01-21,41618.40625,95884869731,103.29000091552734,59.5,4.15,-0.029237046559485336,-0.8388466524670655,0.0417249163483318,0.008653847375632573,0.1900000000000004,-0.05559943143187545,-0.05769507325335088,42683.4169921875,40489.994791666664,0.0541719556104332,0.027868896109751518,1
2024-01-28,41816.87109375,127032689272,103.47000122070312,50.8,4.15,0.004757345438965999,0.28129625105216505,0.03679435947145683,0.0017411525323112187,0.0,-0.0067336716938895804,-0.053201522997528006,42612.7841796875,41080.373697916664,0.03730273957679575,0.01792820584469723,1
2024-02-04,43185.859375,109212716707,103.91999816894531,60.4,4.03,0.03221323960050526,-0.15114693928904188,0.029978399269850953,0.004339627327983209,-0.1200000000000001,-0.02236723442743272,-0.022205516222753907,42368.576171875,41569.697916666664,0.01921780275646512,0.03887835465086131,1
2024-02-11,47147.19921875,122111846742,104.08000183105469,64.8,4.17,0.08776149342025796,0.11163989143260977,0.04945497777660524,0.0015384970545166965,0.13999999999999968,0.09549503190024353,0.0,43442.083984375,42448.907552083336,0.02339698450597516,0.11068109729094977,1
2024-02-18,52160.203125,175955573154,104.27999877929688,73.4,4.3,0.10104520607445977,0.3652941365881155,0.04556567782246192,0.0019197255622751541,0.1299999999999999,0.22577728453419052,0.0,46077.533203125,43652.234375,0.055559557554148764,0.19490339662596012,0
2024-02-25,50731.94921875,108819644157,103.94000244140625,75.0,4.26,-0.027763937644557757,-0.4805396668744386,0.05883245111585836,-0.0032657442903802902,-0.040000000000000036,0.19325600145066546,-0.027382061814967273,48306.302734375,44655.834309895836,0.08174672987064113,0.13606542129944454,1
2024-03-03,62440.6328125,272753380954,103.86000061035156,78.6,4.19,0.2076603560913206,0.9188761493969722,0.09629879858812126,-0.0007699887760583835,-0.0699999999999994,0.36870311794148114,0.0,53119.99609375,46178.670247395836,0.15031454585346382,0.3521531148035002,1
2024-03-10,68300.09375,348416065386,102.73999786376953,82.0,4.09,0.08969490887137788,0.2448293353806399,0.09627410538363662,-0.010842340046314902,-0.10000000000000053,0.37063653339260083,0.0,58408.2197265625,48376.1982421875,0.20737515242829407,0.4118532714800527,1
2024-03-17,69403.7734375,314398687888,103.43000030517578,83.0,4.31,0.016030099136317588,-0.10273546865322203,0.10295775941099991,0.006693554093732068,0.21999999999999975,0.28562142645445704,0.0,62719.1123046875,50493.354166666664,0.24212608450740847,0.37451303409978465,0
2024-03-24,63778.76171875,276151526197,104.43000030517578,76.6,4.22,-0.0845209918226626,-0.12971216413455977,0.1231178799390558,0.009621935073491628,-0.08999999999999986,0.2288643722763535,-0.08104763531071513,65980.8154296875,52299.967447916664,0.2615842542425102,0.21947995058055403,1
2024-03-31,70744.953125,153912590817,104.55000305175781,79.75,4.2,0.1036609535464521,-0.5845648738527061,0.08620463432650644,0.001148461650342547,-0.019999999999999574,0.12486496973148478,0.0,68056.8955078125,54515.155924479164,0.24840320739599386,0.297711653306179,0
2024-04-07,67837.640625,188254543926,104.30000305175781,75.6,4.39,-0.04196398770083398,0.20141015493495473,0.08143666727472527,-0.0023940637979507073,0.1899999999999995,-0.006793926840727514,-0.041095687700337336,67941.2822265625,56597.1953125,0.20043549598926957,0.19860428154498044,0
2024-04-14,67195.8671875,186289617199,106.04000091552734,77.8,4.5,-0.009505466903988236,-0.010492459676370913,0.080580027480302,0.016544998788467602,0.11000000000000032,-0.03232949288103192,-0.050167337466873185,67389.3056640625,58728.650390625,0.1474689987907507,0.14417523202996407,0
2024-04-21,63843.5703125,214285425517,106.1500015258789,65.8,4.62,-0.05117586792644069,0.1400063460133083,0.07121712115405258,0.001036812469390469,0.1200000000000001,0.0010156310151895006,-0.09755300565831004,67405.5078125,60564.208658854164,0.11295944098240396,0.054146858784497764,0
2024-04-28,63755.3203125,139165477142,105.94000244140625,71.6,4.67,-0.0013832410867973266,-0.4316451823431109,0.02426745053659375,-0.001980283362447821,0.04999999999999982,-0.10402856361806025,-0.09880044446633451,65658.099609375,62278.330403645836,0.05426878311964689,0.023715952230596304,0
2024-05-05,62889.8359375,178800369008,105.02999877929688,55.8,4.5,-0.013668076608208679,0.2506062184367792,0.022092188427321403,-0.008626907149299257,-0.16999999999999993,-0.07573265252543357,-0.11103431185572643,64421.1484375,63590.216796875,0.013066972916277786,-0.011013971875771578,0
2024-05-12,60792.77734375,133975124756,105.30999755859375,64.8,4.5,-0.03391357160316133,-0.2886157799712805,0.021990806083451126,0.002662346197202403,0.0,-0.10014075722460804,-0.1406768305247923,62820.3759765625,64309.597981770836,-0.023157072224747388,-0.054685781724490234,1
2024-05-19,67051.875,155494977084,104.44999694824219,66.2,4.42,0.09799558531524255,0.148959282817831,0.058711135985864686,-0.008199899424291779,-0.08000000000000007,0.04903069601707545,-0.05220270792284876,63622.4521484375,65669.591796875,-0.031173326838540127,0.02104906038399923,1
2024-05-26,68526.1015625,194678212556,104.72000122070312,74.4,4.46,0.021748143854598112,0.2247345740896627,0.05805520842951607,0.0025816744733022645,0.040000000000000036,0.07216208095847057,-0.031364096864683555,64815.1474609375,66176.71419270833,-0.02057471043071002,0.03550172290135456,0
2024-06-02,67491.4140625,116326335174,104.66999816894531,72.5,4.51,-0.015214326683189228,-0.5149485278491817,0.058341162383750415,-0.000477606885276316,0.04999999999999982,0.07061583088348984,-0.04598969847009848,65965.5419921875,66109.32421875,-0.0021749159934949525,0.020906125725575153,1
2024-06-09,69342.5859375,159773286381,104.88999938964844,75.2,4.43,0.02705884243712653,0.31735637465031985,0.04729660538321703,0.002099649781347246,-0.08000000000000007,0.13158824492377752,-0.01982285838852904,68102.994140625,66104.22526041667,0.03023662817821715,0.04898870933477939,0
2024-06-16,66011.09375,148570865505,105.55000305175781,72.4,4.2,-0.04923641812846746,-0.07269379707503631,0.03558876942025453,0.006272627052696933,-0.22999999999999954,-0.015643758519932625,-0.06691444641479505,67842.798828125,66290.2529296875,0.023420425022125713,-0.004211164799500677,0
2024-06-23,64096.19921875,121316921289,105.80000305175781,67.0,4.25,-0.029437747413229687,-0.20265574748476212,0.032341469821565945,0.002365745061549518,0.04999999999999982,-0.06682964978776067,-0.07565894244957472,66735.3232421875,65736.19010416667,0.015199133634571593,-0.02494806715780018,0
2024-06-30,60320.13671875,141043964068,105.87000274658203,42.8,4.36,-0.060719077354692175,0.15066533796079895,0.03896596279700711,0.0006614040294659063,0.11000000000000032,-0.11233440045926327,-0.13011411525497663,64942.50390625,65109.7314453125,-0.002568395466397533,-0.0735618872976832,0
2024-07-07,56662.375,130794242131,104.87999725341797,45.75,4.28,-0.06255558003468664,-0.07544622602979345,0.015220392245885317,-0.009395139030665689,-0.08000000000000007,-0.20194882293107527,-0.1828632544642762,61772.451171875,64231.9404296875,-0.03829075132028459,-0.11784737280315616,1
2024-07-14,57899.46484375,148103542095,104.08999633789062,27.4,4.18,0.02159773154856026,0.1242862202530226,0.039307698751690774,-0.007560938922358318,-0.10000000000000053,-0.13111467325404838,-0.16502299328819292,59744.5439453125,63736.598307291664,-0.06263362758602797,-0.09158213049587682,1
2024-07-21,66710.15625,176480104925,104.4000015258789,61.4,4.25,0.14164906717770087,0.1752965121463106,0.09614482854505443,0.002973815719004236,0.07000000000000028,0.03997214133688306,-0.037962669720345676,60398.033203125,63982.834635416664,-0.0560275494625766,0.04262583285226418,1
2024-07-28,67912.0625,174530112555,104.31999969482422,69.2,4.2,0.017856460797645468,-0.011110858508313726,0.08416172120384403,-0.0007665948112753895,-0.04999999999999982,0.1185476794892193,-0.02062979651190633,62296.0146484375,64401.353515625,-0.032690910241144344,0.0545129689475119,0
2024-08-04,61415.06640625,187490390952,103.20999908447266,62.2,3.8,-0.10055848348254237,0.0716303043012374,0.09889374229612088,-0.010697356545648518,-0.40000000000000036,0.08054477604136298,-0.11432396735817218,63484.1875,64453.2109375,-0.015034525408511579,-0.04713720987765957,0
2024-08-11,60880.11328125,278653157557,103.13999938964844,28.0,3.94,-0.008748611979511267,0.3962402497340136,0.09990309901718024,-0.0006784560021992903,0.14000000000000012,0.050198432513292056,-0.1220386079036252,64229.349609375,63938.8974609375,0.004542651812458054,-0.04783917616903255,0
2024-08-18,58894.10546875,162401083280,102.45999908447266,28.4,3.89,-0.033165565563553656,-0.5398987474265624,0.050744639793877645,-0.006614813129518282,-0.04999999999999982,-0.12461620022796166,-0.1506791292463111,62275.3369140625,63136.231119791664,-0.0136355020003609,-0.06719003614569352,1
2024-08-25,64094.35546875,160412005402,100.72000122070312,31.4,3.81,0.084615293121173,-0.012323558871251805,0.07661892852683759,-0.017128067719734297,-0.08000000000000007,-0.05785736790443375,-0.07568553144932244,61320.91015625,62853.142903645836,-0.02437798138025904,0.019747820200605615,0
2024-09-01,59119.4765625,171593234514,101.69999694824219,39.2,3.91,-0.08079587905296925,0.06738122109011968,0.06952556388741983,0.009682871191201592,0.10000000000000009,-0.03809476347486019,-0.12947016500198327,60747.0126953125,62001.217122395836,-0.020228706552766984,-0.046478774024823255,0
2024-09-08,53948.75390625,142686615587,101.18000030517578,26.0,3.72,-0.09152582854555291,-0.18447603434816884,0.0806476803598473,-0.005126161167105181,-0.18999999999999995,-0.12087198004090303,-0.20560866626234475,59014.1728515625,60996.022135416664,-0.03249145131881359,-0.11553652160334482,1
2024-09-15,60571.30078125,166851025657,101.11000061035156,31.8,3.66,0.11578660218998316,0.15645062633921114,0.10843448437356269,-0.0006920727401391602,-0.06000000000000005,0.028080187712633355,-0.10809216284294121,59433.4716796875,60702.280598958336,-0.020902162270532654,-0.0021577412976240273,1
2024-09-22,63192.9765625,188986511917,100.72000122070312,44.0,3.73,0.04237196820628242,0.12457429463589165,0.10009449482932803,-0.0038646372839572507,0.06999999999999984,-0.01416313720225612,-0.06948818462846718,59208.126953125,60941.683919270836,-0.02844616122590693,0.03694175313913939,1
2024-09-29,65790.6640625,155348941664,100.41999816894531,54.8,3.75,0.04028478007902869,-0.19600182376955644,0.08630164658421856,-0.0029830294832660087,0.020000000000000018,0.10691752192974131,-0.03123743204677376,60875.923828125,61702.374674479164,-0.013394149750544315,0.06625821793065922,0
2024-10-06,62067.4765625,193788523165,102.5199966430664,46.2,3.98,-0.05825581982144534,0.22109365448332596,0.0714268601385456,0.020696496379092544,0.22999999999999998,0.14018753065384942,-0.08606108727002659,62905.6044921875,62049.708984375,0.013793707042655479,0.00028634426197671203,1
2024-10-13,62445.08984375,150838975294,102.88999938964844,43.8,4.08,0.0060654831853561575,-0.2505545986718509,0.04696355773482066,0.0036025817039533337,0.10000000000000009,0.030466411649222862,-0.08050076017423269,63374.0517578125,61694.286783854164,0.027227237099658685,0.012169734006752808,1
2024-10-20,68418.7890625,200414081994,103.48999786376953,66.0,4.08,0.09135987272311574,0.2841727571366661,0.06277412787124509,0.005814518582538675,0.0,0.07945431616605507,0.0,64680.5048828125,61736.513997395836,0.04768638030875616,0.10823861977995763,0
2024-10-27,66642.4140625,174455477652,104.26000213623047,70.8,4.25,-0.026306258173109498,-0.13871606948035975,0.06436305931386957,0.007412830791234448,0.16999999999999993,0.012863277913916863,-0.025963262787029096,64893.4423828125,62172.126302083336,0.043770677353172305,0.07190179950893638,1
2024-11-03,69482.46875,228606076331,104.27999877929688,74.6,4.37,0.0417332499192451,0.2703307649402902,0.05044200202661502,0.000191777529873427,0.1200000000000001,0.11285234765460846,0.0,66747.1904296875,62888.9892578125,0.061349390686791905,0.10484314615325796,1
2024-11-10,76545.4765625,324468875507,105.0,72.4,4.3,0.09681055652814763,0.3501892846783221,0.05712447259557556,0.006880772798235846,-0.07000000000000028,0.2035974209973977,0.0,70272.287109375,64359.936848958336,0.09186382942375992,0.18933423974823071,1
2024-11-17,91066.0078125,541058973047,106.69000244140625,81.6,4.43,0.17369957506940992,0.51133866407487,0.08472996316919432,0.015967105929024505,0.1299999999999999,0.2859371233436933,0.0,75934.091796875,66607.57454427083,0.14002187163271174,0.36720198018879713,1
2024-11-24,98997.6640625,406285865938,107.48999786376953,86.4,4.41,0.08351165038099673,-0.2864712652533221,0.055088337588084076,0.007470344024664399,-0.019999999999999574,0.39575503189779965,0.0,84022.904296875,69930.7568359375,0.20151572925198957,0.4156526904857547,0
2024-12-01,97461.5234375,298668117259,105.73999786376953,78.5,4.18,-0.01563858582185418,-0.30772403394387027,0.07775343613016425,-0.016414569506578935,-0.23000000000000043,0.3383831961566992,-0.01551693809694532,91017.66796875,73556.82096354167,0.23737903265100013,0.3249828113942914,1
2024-12-08,99920.7109375,460702130616,105.97000122070312,78.0,4.15,0.02491931215298493,0.43341871547844946,0.08217214759729208,0.0021728161014387126,-0.02999999999999936,0.2664919517815386,0.0,96861.4765625,76835.9384765625,0.26062723359650186,0.30044238306504334,1
2024-12-15,101459.2578125,429860399594,107.0,77.8,4.4,0.015280336177818654,-0.06929119279772067,0.041445924970183325,0.009672787755834023,0.25,0.10807271288994588,0.0,99459.7890625,80024.79524739583,0.2428621498501944,0.26784776516877984,0
2024-12-22,97755.9296875,456331184623,107.62000274658203,80.0,4.52,-0.03718345824655067,0.05975832409745152,0.028529543208321125,0.005777695120478654,0.11999999999999922,-0.012622395737602333,-0.03650064276878384,99149.35546875,82688.5673828125,0.19906969738308722,0.1822182047843699,0
2024-12-29,94164.859375,211828872031,108.0,74.0,4.62,-0.03742678953399903,-0.7674400866634308,0.033375702715486434,0.0035246975418354864,0.10000000000000053,-0.03441059944974635,-0.07189485311414645,98325.189453125,85363.34928385417,0.15184315374235746,0.10310642875408549,1
2025-01-05,98107.4296875,181434066108,108.94999694824219,68.25,4.6,0.04101603030343881,-0.15488642573037836,0.03922298643862579,0.008757806255781375,-0.020000000000000462,-0.018313881299292595,-0.03303619795045498,97871.869140625,88335.2109375,0.10795987355339531,0.11062654004317896,0
2025-01-12,94701.453125,299220985800,109.6500015258789,68.6,4.77,-0.03533375497648805,0.500290067773161,0.03884326101116868,0.006404455399800391,0.16999999999999993,-0.06892797245359983,-0.06660609226994985,96182.41796875,90525.43294270833,0.06249056030057165,0.04613090538804254,1
2025-01-19,104462.0390625,310547352165,109.3499984741211,68.8,4.61,0.0980943982659479,0.03715400934646951,0.0654560609618249,-0.0027397556111070642,-0.15999999999999925,0.06634988405889979,0.0,97858.9453125,93677.068359375,0.04464141573135061,0.1151292508615922,1
2025-01-26,104819.484375,299104803987,107.44000244140625,77.5,4.63,0.0034159313655806045,-0.037542365711658476,0.056840141043097675,-0.017621158230274325,0.019999999999999574,0.10719260495847997,0.0,100522.6015625,96621.81966145833,0.04037164601856147,0.08484278957138769,0
2025-02-02,102405.0234375,271267852621,108.37000274658203,72.2,4.58,-0.023303905805823533,-0.09768730817816973,0.06045992995705034,0.008618748340969873,-0.04999999999999982,0.04287266884921645,-0.023034466844561785,101597.0,98776.78190104167,0.02855142721478554,0.036731724466314786,0
2025-02-09,96529.0859375,338572701603,108.04000091552734,52.6,4.49,-0.0590913967997615,0.2216321262724854,0.06727480631770877,-0.003049785881009015,-0.08999999999999986,0.0191150270259438,-0.07909215053797103,102053.908203125,99232.03841145833,0.02843708379713017,-0.0272387075507885,1
2025-02-16,97508.96875,196753459330,106.56999969482422,46.8,4.47,0.010099989343501647,-0.5427873755693078,0.03142425422491205,-0.01369949402913484,-0.020000000000000462,-0.0688793818965029,-0.06974386173133662,100315.640625,99107.98046875,0.012185296789805955,-0.016134035939257108,0
2025-02-23,96125.546875,147593322585,106.61000061035156,48.75,4.42,-0.014289243936341123,-0.2874907983023576,0.028675402306116368,0.0003752783182244812,-0.04999999999999982,-0.08658455719842517,-0.08294199834924532,98142.15625,98996.64908854167,-0.008631532949942788,-0.029002014108313712,0
2025-03-02,84373.0078125,337053239321,107.61000061035156,24.2,4.24,-0.13040757921355173,0.8257802268518262,0.061712612163860585,0.009336264196715405,-0.17999999999999972,-0.19368823060615167,-0.19506370103244464,93634.15234375,97701.00716145833,-0.04162551580443319,-0.13641619197366917,1
2025-03-09,86742.671875,302361946180,103.83999633789062,25.4,4.32,0.027698403392598436,-0.10861610102072561,0.07123368102617347,-0.035662368195254146,0.08000000000000007,-0.10689843041379281,-0.1724566058284429,91187.548828125,96474.625,-0.05480276468423695,-0.10087578080764759,0
2025-03-16,83969.1015625,210118473639,103.72000122070312,30.0,4.31,-0.03249704856297875,-0.36395326521043714,0.06694862498548249,-0.0011562452492519526,-0.010000000000000675,-0.14949546832027172,-0.19891705188995312,87802.58203125,95325.72265625,-0.0789203628922791,-0.11913490689918638,1
2025-03-23,84043.2421875,132179961669,104.08999633789062,35.6,4.25,0.0008825616994290186,-0.46350719177331,0.06908802056809067,0.0035609019055522495,-0.05999999999999961,-0.13432366268450277,-0.19820973468225955,84782.005859375,94482.25455729167,-0.10266741350921815,-0.11048648678743922,1
2025-03-30,84353.1484375,149904582470,104.04000091552734,44.4,4.27,0.0036806798378332672,0.12583463477006873,0.024749223430968654,-0.0004804249650183223,0.019999999999999574,-0.00023540363311883326,-0.19525316366068035,84777.041015625,93336.064453125,-0.09170113918611267,-0.09624271248480143,0
2025-04-06,83843.8046875,186774029323,103.0199966430664,33.0,4.01,-0.006056534289093918,0.21990051198772775,0.016514945417683384,-0.009852337828036184,-0.2599999999999998,-0.03399034131481003,-0.20011241051766526,84052.32421875,92431.26041666667,-0.09065045916441739,-0.09290640082647006,0
2025-04-13,83404.8359375,310165422186,99.77999877929688,25.8,4.48,-0.005249307334869613,0.5072062883003916,0.004732775448244873,-0.031955361353232625,0.47000000000000064,-0.006742600086701639,-0.20430026502408083,83911.2578125,90676.49348958333,-0.07460848359625305,-0.08019341366479593,1
2025-04-20,84895.75,113025762803,99.37999725341797,32.0,4.34,0.017717740625744938,-1.0094899929757482,0.011048944672565437,-0.004016891661941635,-0.14000000000000057,0.010092578839614466,-0.17098061061610215,84124.384765625,89016.18229166667,-0.05495402521322934,-0.046288575690269895,1
2025-04-27,94720.5,211413205146,99.47000122070312,56.2,4.29,0.10950641666648053,0.6261987545643493,0.05480433827798426,0.0009052448993918105,-0.04999999999999982,0.11591831566826215,-0.028597048925307234,86716.22265625,88375.80533854167,-0.018778699395544995,0.07179221323249818,1
2025-05-04,96910.0703125,145812073621,100.0,58.0,4.33,0.022852988452536138,-0.3714959110802134,0.050370666854500507,0.0053140825516964085,0.040000000000000036,0.14482783840989166,-0.006141983093221892,89982.7890625,88407.55403645833,0.01781787815769742,0.09617409245973851,1
2025-05-11,102970.8515625,257445356971,100.33999633789062,63.2,4.37,0.06066251534977418,0.5684888660291421,0.042445935353998224,0.003394196571010255,0.040000000000000036,0.21073966109453574,0.0,94874.29296875,88862.7109375,0.0676502209737686,0.15876333814441823,1
2025-05-18,103489.2890625,256610164173,101.08999633789062,70.8,4.43,0.0050221663911109715,-0.003249429287432548,0.046237474740456606,0.0074467903806354485,0.05999999999999961,0.19804408685990277,0.0,99522.677734375,89476.35611979167,0.11227906511004138,0.15661045610694857,1
2025-05-25,107287.796875,314068925861,99.11000061035156,73.0,4.51,0.03604679410686096,0.20205440857148815,0.023426987174116704,-0.019780822362795547,0.08000000000000007,0.12458446430028182,0.0,102664.501953125,91385.921875,0.12341704112316254,0.1740079289428298,0
2025-06-01,103998.5703125,266234054561,99.33000183105469,70.4,4.41,-0.031137762086572707,-0.16523664467366928,0.0396998170076194,0.0022173080843774784,-0.09999999999999964,0.07059371376117468,-0.030657974702679835,104436.626953125,92823.91341145833,0.12510476142275184,0.12038553957004638,1
2025-06-08,104390.34375,242897023859,99.19000244140625,58.4,4.51,0.0037600263030341807,-0.09173824286040855,0.027455595286793973,-0.0014104312899858584,0.09999999999999964,0.013691224714432036,-0.027006362413945273,104791.5,94525.68359375,0.10860346115422082,0.10435957489232317,1
2025-06-15,106090.96875,285840266107,98.18000030517578,67.4,4.41,0.01615974347263638,0.16279556128255734,0.028225811770951806,-0.010234695633097424,-0.09999999999999964,0.02482880179595774,-0.011155305261738357,105441.919921875,96362.994140625,0.09421589545049724,0.1009513527068151,0
2025-06-22,103309.6015625,204600670730,98.70999908447266,58.75,4.38,-0.02656660169108882,-0.3343730129172009,0.023048505187250053,0.0053837174166408985,-0.03000000000000025,-0.037784594001990295,-0.03707966263055018,104447.37109375,97942.69856770833,0.06641304171892881,0.05479635616820899,1
2025-06-29,107088.4296875,254930549648,97.4000015258789,63.4,4.29,0.035924618685017506,0.2199310219792885,0.026187404481584065,-0.013360022840279484,-0.08999999999999986,0.029277786769598704,-0.0018582466348179283,105219.8359375,99879.75065104167,0.05346514435258687,0.07217357862299734,1
2025-07-06,109647.9765625,192918896844,97.18000030517578,66.5,4.35,0.023620082269967924,-0.27872127676170066,0.02715250910086873,-0.002261294196525654,0.05999999999999961,0.049137842736534085,0.0,106534.244140625,102066.67903645833,0.04377104405024146,0.0742778896855616,1
2025-07-13,117516.9921875,330465285602,97.8499984741211,69.2,4.43,0.06930791639901024,0.5382317407950907,0.0397586504844795,0.006870746129951755,0.08000000000000007,0.10228601566290797,0.0,109390.75,104785.11588541667,0.043953132805804485,0.12150462586695743,1
2025-07-20,118003.2265625,502539751235,98.4800033569336,72.8,4.44,0.0041290303515655324,0.41917312596469003,0.027374519933074,0.006417837715638974,0.010000000000000675,0.1329816477055603,0.0,113064.15625,106725.34309895833,0.059393701317635106,0.1056720281806407,0
2025-07-27,117635.8828125,393130622528,97.6500015258789,71.6,4.4,-0.0031178529621307405,-0.24553281424933715,0.0325685086196082,-0.008463843014975048,-0.040000000000000036,0.0939391760584132,-0.0031129975060930626,115701.01953125,108452.494140625,0.06683594921501945,0.08467660190430792,0
2025-08-03,113320.0859375,362847075417,98.69000244140625,71.8,4.23,-0.03737768155639465,-0.0801604638318345,0.044557693285898405,0.010593975973359981,-0.16999999999999993,0.03294141223204979,-0.03968654723622822,116619.046875,109314.93033854167,0.0668171906055095,0.036638687748824506,1
2025-08-10,116688.7265625,276965999629,98.18000030517578,62.8,4.27,0.029293499439189574,-0.2700867120267034,0.027504322313004453,-0.005181117183811423,0.03999999999999915,-0.007073004727770425,-0.011139525912062909,116411.98046875,110414.88346354167,0.05431420852958224,0.05682062872465843,1
2025-08-17,117398.3515625,426958231510,97.8499984741211,69.2,4.33,0.0060629333276409625,0.43279143633444406,0.027659101960899903,-0.0033668534902124847,0.0600000000000005,-0.005139101751694945,-0.005125919160181902,116260.76171875,111257.4296875,0.044970767752799734,0.05519561158520947,0
2025-08-24,116874.0859375,352785191909,97.72000122070312,52.0,4.26,-0.004475699367484154,-0.1908268397616446,0.027697404508062524,-0.0013294193666384402,-0.07000000000000028,-0.006496948157048557,-0.009568726702586905,116070.3125,112330.38932291667,0.03329395722409689,0.04044939790533042,0
2025-08-31,108410.8359375,353943772522,97.7699966430664,48.8,4.23,-0.07516912018996358,0.0032787156299036724,0.04499974623543889,0.0005114883011874127,-0.02999999999999936,-0.04428838679061754,-0.08128922322237875,114843.0,112665.43033854167,0.019327753463640684,-0.037763086585275496,1
2025-09-07,110650.984375,256269423634,97.7699966430664,50.75,4.1,0.020452916219420914,-0.32290873870729797,0.04250426485967517,0.0,-0.13000000000000078,-0.053128970010387015,-0.06230543351800566,113333.564453125,113045.431640625,0.002548823144096435,-0.021181282877816954,1
2025-09-14,116101.578125,243045559139,97.55000305175781,51.8,4.06,0.04808451866727914,-0.052980415191356656,0.052820538094406275,-0.002252648829415449,-0.040000000000000036,-0.011107384670747657,-0.016115224073917966,113009.37109375,114111.4296875,-0.009657740655498293,0.017440395260581054,0
2025-09-21,115688.859375,247533376008,97.63999938964844,52.6,4.14,-0.0035611407495217406,0.018296513538594184,0.052812711996191745,0.0009221409205615316,0.08000000000000007,-0.010192826052785818,-0.01961274496400489,112713.064453125,114828.13216145833,-0.018419420994842617,0.007495786941229765,0
2025-09-28,109712.828125,299207550188,98.1500015258789,40.8,4.2,-0.053038041984770246,0.18959205489296238,0.04289727214421724,0.005209696995148505,0.0600000000000005,0.011938252152409302,-0.07025569282301802,113038.5625,114833.53645833333,-0.01563109535501095,-0.04459244652098082,1
2025-10-05,122266.53125,345671713996,97.72000122070312,55.2,4.13,0.10833704547668965,0.14435204081152264,0.06924262902173209,-0.004390677387482,-0.07000000000000028,0.0998223814096778,0.0,115942.44921875,115229.33138020833,0.006188683297906783,0.061071254909671246,0
2025-10-12,113214.3671875,441850627280,98.9800033569336,67.0,4.05,-0.0769202678286991,0.24548235645129424,0.08230192436994946,0.012811584557625544,-0.08000000000000007,-0.02518240508630121,-0.07403632024197138,115220.646484375,114830.259765625,0.003399685061644897,-0.014072010125407042,0
2025-10-19,106467.7890625,423378551733,98.43000030517578,32.0,4.02,-0.0614405870482404,-0.04270517743279001,0.08663487533126407,-0.005572204697456229,-0.03000000000000025,-0.08306185138501941,-0.12921559175663622,112915.37890625,113899.58528645833,-0.008641000559686307,-0.06524866798476314,1
2025-10-26,111033.921875,348614074823,98.94999694824219,29.0,4.02,0.04199326781803947,-0.19430119264553625,0.08785633409269804,0.005269002465606576,0.0,0.01196945841778813,-0.09186986217865734,113245.65234375,113709.07161458333,-0.004075481966857364,-0.02352626489336529,0
2025-11-02,109556.1640625,318245793080,99.80000305175781,43.0,4.11,-0.013398425528873048,-0.09114148911778841,0.053611196929083095,0.008553572688992261,0.09000000000000075,-0.1097660125877743,-0.10395622626694911,110068.060546875,113114.69140625,-0.02693399788744566,-0.03145946206907457,0
2025-11-09,103372.40625,417504908878,99.5999984741211,27.4,4.11,-0.05809926923417308,0.2714722835792074,0.04839309275268433,-0.002006064625669879,0.0,-0.09094501399324682,-0.15453227311541973,107607.5703125,111945.86263020833,-0.03875348508447374,-0.07658573688005865,0
2025-11-16,94397.7890625,420956402517,99.2699966430664,22.0,4.14,-0.09082041041075328,0.008232969339836416,0.057582716620644785,-0.0033187724850476386,0.02999999999999936,-0.12032483735576067,-0.22793434885722252,104590.0703125,110072.837890625,-0.049810359060361575,-0.1424061478609343,0
2025-11-23,85090.6875,502998241192,100.18000030517578,13.0,4.06,-0.10380005241992407,0.1780574021042014,0.040303524541843376,0.009125194190309216,-0.08000000000000007,-0.2661181575937221,-0.3040557654652528,98104.26171875,108129.4921875,-0.09271504254700402,-0.21306679816409357,1
2025-11-30,90919.265625,266663371813,99.45999908447266,19.75,4.02,0.0662543222868166,-0.634599590235208,0.0776651377729297,-0.007213026894133279,-0.040000000000000036,-0.18646540977803244,-0.25638468111035084,93445.037109375,106485.18229166667,-0.12245971600606598,-0.14617918034859612,0
2025-12-07,89387.7578125,371954698935,98.98999786376953,25.8,4.14,-0.016988186213627188,0.332784986579032,0.07835615577879053,-0.0047367307301611206,0.1200000000000001,-0.14535432675748727,-0.2689106585535852,89948.875,104259.03059895833,-0.13725578989894527,-0.14263774275498498,1
2025-12-14,90270.4140625,334485234213,98.4000015258789,25.2,4.19,0.009826030650835094,-0.10617933406829394,0.07082734098353775,-0.005977993786343561,0.05000000000000071,-0.04470788569589999,-0.26169154273361295,88917.03125,102140.82682291667,-0.12946630631689515,-0.11621614127910496,0
2025-12-21,88103.3828125,230465511369,98.5999984741211,15.2,4.16,-0.0242988366105088,-0.37249150978843204,0.041079492354833914,0.0020304265680373135,-0.03000000000000025,0.03479333011351512,-0.2794153730234332,89670.205078125,100340.03971354167,-0.10633675914298746,-0.12195188417281677,0
2025-12-28,87301.4296875,149736456545,98.0199966430664,23.25,4.14,-0.009144090193005994,-0.4312244334730231,0.014685639434136848,-0.005899740899178774,-0.020000000000000462,-0.0406050823663082,-0.22888382582295652,88765.74609375,97426.28125,-0.08889321284907403,-0.10392320668094879,1
2026-01-04,89944.6953125,164227098861,98.41999816894531,24.0,4.19,0.029828145492441394,0.09237342662419223,0.02345685460131195,0.004072511599368056,0.05000000000000071,0.006211249339761196,-0.18993498749185744,88904.98046875,95487.14192708333,-0.06893243766118429,-0.05804390520784142,1
2026-01-11,90513.1015625,229960911276,99.12999725341797,33.4,4.18,0.006299623952205735,0.3366591244102679,0.023105910330025837,0.007188075504601876,-0.010000000000000675,0.002684842641132958,-0.18481577490887846,88965.65234375,94157.58463541667,-0.055140882296100924,-0.038706208183103996,1
2026-01-18,95525.1171875,243253974139,99.38999938964844,42.2,4.24,0.053894611230987266,0.0561967150998548,0.02758213529809006,0.0026194065010027856,0.0600000000000005,0.08087829048262828,-0.12807172462697325,90821.0859375,92865.18424479167,-0.022011460203464894,0.028642951223752267,0
2026-01-25,89503.875,183950662196,97.5999984741211,25.0,4.24,-0.06510729967236095,-0.27943847719199866,0.051373802663982386,-0.01817402105389654,0.0,0.02491508100327393,-0.13416086316555098,91371.697265625,91194.16015625,0.0019468034912630827,-0.018535015327230453,0
2026-02-01,84128.65625,260618547786,96.98999786376953,24.0,4.26,-0.061934671302548594,0.34839025413637614,0.05745149669225349,-0.006269619404855931,0.019999999999999574,-0.06684773579171727,-0.11930329187799515,89917.6875,89590.51432291667,0.0036518729639622993,-0.0609646915657851,0
2026-02-08,70555.390625,450788734847,97.62999725341797,13.2,4.22,-0.17594916517508352,0.5479409570551717,0.09385331133183002,0.006576936724831839,-0.040000000000000036,-0.2490965249190051,-0.2613943567688962,84928.259765625,87603.64778645833,-0.030539687426656248,-0.19460670408400083,0
2026-02-15,68857.84375,227818455056,96.87999725341797,9.6,4.04,-0.024353940069923752,-0.6824497305805401,0.06541505273091167,-0.0077117242105329,-0.17999999999999972,-0.32734507621991654,-0.2791650428981579,78261.44140625,86250.91080729167,-0.09263055110098894,-0.20165661897939358,0
2026-02-22,68005.421875,146962092006,97.80000305175781,8.5,4.08,-0.012456708431944463,-0.4383743860124305,0.07456100678306608,0.009451537350353867,0.040000000000000036,-0.27469448497950044,-0.28808857945165767,72886.828125,84341.423828125,-0.135812216384534,-0.1936889515455097,0
2026-03-01,65881.796875,228704276215,97.61000061035156,9.6,3.97,-0.031725255546319886,0.44225512276456413,0.07696243083240699,-0.0019446548050039425,-0.10999999999999988,-0.24448506922327096,-0.31031964351653263,68325.11328125,82382.59375,-0.17063653654082722,-0.20029469969194802,1
2026-03-08,68136.4921875,274668996973,98.98999786376953,14.8,4.15,0.03365075150982477,0.18313692655339509,0.029342264350460858,0.014038859911615909,0.18000000000000016,-0.03488515253836315,-0.28671647631942354,67720.388671875,80538.10026041667,-0.1591509055601774,-0.1539843630879867,1
2026-03-15,70968.265625,250779805956,100.36000061035156,13.8,4.28,0.04071988267844695,-0.09099143833014267,0.03523400059931737,0.013744914228392524,0.1299999999999999,0.030188670210007436,-0.2570721950992111,68247.994140625,79110.173828125,-0.13730445986756656,-0.1029185983185189,0
2026-03-22,70522.5859375,234232683097,99.6500015258789,22.2,4.39,-0.006299787676214308,-0.06826029349367602,0.034187768724623174,-0.0070996656086572685,0.10999999999999943,0.03634559096573803,-0.26173777102962525,68877.28515625,77711.93684895833,-0.11368461591530576,-0.0925128262525694,0
2026-03-29,66338.375,212545507312,100.1500015258789,11.2,4.44,-0.06116448822591103,-0.09715887601288742,0.04675945330815042,0.005005015376576161,0.05000000000000071,0.006906358286146667,-0.3055399778281481,68991.4296875,75744.74348958333,-0.08915884444195221,-0.12418509927196364,1
2026-04-05,66888.5703125,156481463653,100.02999877929688,9.75,4.31,0.008259566998052748,-0.3062185576402179,0.04251152407248694,-0.0011989485540429001,-0.13000000000000078,-0.018484826225625597,-0.299780285208038,68679.44921875,73776.03255208333,-0.06908182992539369,-0.09335636522228297,1
2026-04-12,72979.046875,203159463617,98.6500015258789,14.2,4.31,0.08714426564673694,0.2610536458762702,0.06123172031734105,-0.01389188085749371,0.0,0.027939556742665184,-0.18462695749206393,69182.14453125,71897.193359375,-0.03776293205986425,0.015047228759228481,1
2026-04-19,77126.875,239359191090,98.0999984741211,20.0,4.26,0.05527942227512206,0.16397410958042968,0.06443562739020889,-0.005590896919229316,-0.04999999999999982,0.08951876669400018,-0.08322706628278043,70833.216796875,70865.77669270833,-0.000459458674594293,0.08835150900047783,1
2026-04-26,77455.3125,197603739521,98.51000213623047,35.8,4.31,0.004249364037738346,-0.19170160547403015,0.03972902381396482,0.0041707365360084125,0.04999999999999982,0.15493261895765056,0.0,73612.451171875,70309.66471354167,0.046974857180583474,0.10163108892029848,1
2026-05-03,78179.0,180315631892,98.20999908447266,32.2,4.39,0.009299912136940591,-0.09155488403948198,0.039465561528989494,-0.0030500537054614085,0.08000000000000007,0.1559729640965377,0.0,76435.05859375,70944.96549479167,0.07738523883504289,0.10196684789055821,1
2026-05-10,80186.765625,206497277366,97.83999633789062,44.2,4.41,0.0253574148231408,0.13557840184925496,0.022989870890592085,-0.003774579898199626,0.020000000000000462,0.09418611327294017,0.0,78236.98828125,71889.04231770833,0.08830199650577342,0.11542403459237205,0
